Steps,Policy/Entropy,Environment/Cumulative Reward,Environment/Episode Length,Policy/Extrinsic Value Estimate,Policy/Extrinsic Reward
10000,1.4189383,0.0,249.0,-0.048502803,0.0
20000,1.4189383,0.0,249.0,-0.05244727,0.0
30000,1.4189384,0.0,249.0,-0.048262507,0.0
40000,1.4189383,0.0,249.0,-0.023326304,0.0
50000,1.4189384,0.09090909090909091,226.36363636363637,-0.037419748,0.09090909090909091
60000,1.4189383,0.0,249.0,-0.057665475,0.0
70000,1.4189383,0.0,249.0,-0.044482503,0.0
80000,1.4189383,0.0,249.0,-0.015453773,0.0
90000,1.4189383,0.13043478260869565,216.52173913043478,-0.0623203,0.13043478260869565
100000,1.4189383,0.0,249.0,-0.052043628,0.0
110000,1.4189383,0.024390243902439025,243.9512195121951,-0.043716133,0.024390243902439025
120000,1.4189383,0.0,249.0,-0.042215563,0.0
130000,1.4189383,0.0,249.0,-0.015538365,0.0
140000,1.4189383,0.0,249.0,-0.06174112,0.0
150000,1.4189383,0.0,249.0,-0.024231566,0.0
160000,1.4189383,0.0,249.0,-0.029169103,0.0
170000,1.4189383,0.0,249.0,0.017037848,0.0
180000,1.4189383,0.024390243902439025,243.4390243902439,0.009592215,0.024390243902439025
190000,1.4189383,0.0,249.0,-0.02224387,0.0
200000,1.4189383,0.0,249.0,-0.06307526,0.0
210000,1.4179919,0.09523809523809523,236.07142857142858,-0.04621284,0.07142857142857142
220000,1.4171011,0.0,249.0,-0.015482942,0.025
230000,1.4171013,0.0,249.0,-0.016719798,0.0
240000,1.4171011,0.0,249.0,-0.076755024,0.0
250000,1.4171011,0.0,249.0,-0.018816378,0.0
260000,1.4171011,0.0,249.0,-0.027214801,0.0
270000,1.4171011,0.0,249.0,-0.060608476,0.0
280000,1.4171011,0.0,249.0,-0.009759458,0.0
290000,1.4171011,0.0,249.0,-0.025178041,0.0
300000,1.4171011,0.0,249.0,-0.05588292,0.0
310000,1.4171011,0.0,249.0,-0.054358125,0.0
320000,1.4171011,0.0,249.0,0.0070763454,0.0
330000,1.4171011,0.047619047619047616,240.38095238095238,-0.040041342,0.047619047619047616
340000,1.4171011,0.025,246.725,-0.0328496,0.025
350000,1.4171011,0.0,249.0,-0.019210417,0.0
360000,1.4171011,0.04878048780487805,243.0731707317073,-0.013347156,0.04878048780487805
370000,1.4171011,0.0,249.0,-0.029501313,0.0
380000,1.4171011,0.0,249.0,-0.00888429,0.0
390000,1.4171011,0.024390243902439025,243.34146341463415,-0.0572763,0.024390243902439025
400000,1.4171011,0.0,249.0,-0.048886128,0.0
410000,1.4170549,0.0,249.0,-0.045942545,0.0
420000,1.4165325,0.0,249.0,-0.03520937,0.0
430000,1.4165324,0.0,249.0,-0.045795627,0.0
440000,1.4165324,0.0,249.0,-0.043834798,0.0
450000,1.4165324,0.0,249.0,-0.029873217,0.0
460000,1.4165324,0.025,247.65,-0.034056854,0.025
470000,1.4165324,0.04878048780487805,246.1951219512195,-0.034865253,0.04878048780487805
480000,1.4165324,0.0,249.0,-0.04296025,0.0
490000,1.4165324,0.0,249.0,-0.030426752,0.0
500000,1.4165324,0.0,249.0,-0.046847887,0.0
510000,1.4165324,0.0,249.0,-0.028469464,0.0
520000,1.4165324,0.0,249.0,-0.0022770003,0.0
530000,1.4165324,0.0,249.0,-0.008350248,0.0
540000,1.4165324,0.0,249.0,-1.5936791e-06,0.0
550000,1.4165324,0.025,248.225,-0.004664446,0.025
560000,1.4165324,0.0,249.0,-0.0058890497,0.0
570000,1.4165324,0.0,249.0,-0.031439364,0.0
580000,1.4165324,0.0,249.0,-0.013905495,0.0
590000,1.4165324,0.0,249.0,-0.02250074,0.0
600000,1.4165324,0.0,249.0,-0.06036737,0.0
610000,1.4165324,0.0,249.0,-0.031200115,0.0
620000,1.4169363,0.0,249.0,-0.026939224,0.0
630000,1.4173262,0.024390243902439025,245.02439024390245,-0.022661606,0.024390243902439025
640000,1.4173262,0.0,249.0,-0.034140512,0.0
650000,1.4173262,0.07317073170731707,238.0731707317073,-0.048618086,0.07317073170731707
660000,1.4173262,0.0,249.0,-0.043091767,0.0
670000,1.4173262,0.0,249.0,-0.03353364,0.0
680000,1.4173262,0.0,249.0,-0.026241437,0.0
690000,1.4173262,0.0,249.0,-0.024677102,0.0
700000,1.4173263,0.024390243902439025,245.390243902439,-0.041792985,0.024390243902439025
710000,1.4173262,0.0,249.0,-0.026126504,0.0
720000,1.4173262,0.0,249.0,-0.023092473,0.0
730000,1.4173262,0.0,249.0,-0.033014882,0.0
740000,1.4173262,0.0,249.0,-0.049531765,0.0
750000,1.4173262,0.0,249.0,-0.042605016,0.0
760000,1.4173262,0.0,249.0,-0.028381636,0.0
770000,1.4173262,0.0,249.0,-0.015653888,0.0
780000,1.4173262,0.0,249.0,-0.0035296925,0.0
790000,1.4173262,0.0,249.0,-0.032014422,0.0
800000,1.4173262,0.0,249.0,-0.036794275,0.0
810000,1.4173262,0.0,249.0,-0.034842342,0.0
820000,1.4173263,0.0,249.0,-0.04652385,0.0
830000,1.4176028,0.0,249.0,-0.04504516,0.0
840000,1.4176028,0.0,249.0,-0.0152953565,0.0
850000,1.4176028,0.0,249.0,-0.015157344,0.0
860000,1.4176028,0.0,249.0,-0.023076685,0.0
870000,1.4176028,0.024390243902439025,244.78048780487805,-0.018941188,0.024390243902439025
880000,1.4176028,0.0,249.0,-0.0014190853,0.0
890000,1.4176028,0.0,249.0,-0.0076892427,0.0
900000,1.4176028,0.04878048780487805,240.29268292682926,-0.026280988,0.04878048780487805
910000,1.4176028,0.0,249.0,-0.032785702,0.0
920000,1.4176028,0.0,249.0,-0.021179114,0.0
930000,1.4176028,0.0,249.0,-0.038840406,0.0
940000,1.4176029,0.0,249.0,-0.006344679,0.0
950000,1.4176028,0.0,249.0,-0.03604284,0.0
960000,1.4176028,0.0,249.0,-0.027151957,0.0
970000,1.4176028,0.0,249.0,-0.018409302,0.0
980000,1.4176028,0.024390243902439025,242.9268292682927,-0.030161152,0.024390243902439025
990000,1.4176028,0.0,249.0,-0.04016603,0.0
1000000,1.4176028,0.0,249.0,-0.03899657,0.0
1010000,1.4176028,0.0,249.0,-0.03208615,0.0
1020000,1.4176028,0.0,249.0,-0.012832838,0.0
1030000,1.417806,0.024390243902439025,244.53658536585365,-0.022273008,0.024390243902439025
1040000,1.4179986,0.0,249.0,-0.017606147,0.0
1050000,1.4179986,0.025,245.45,-0.012103466,0.0
1060000,1.4179984,0.0,249.0,-0.008882575,0.025
1070000,1.4179984,0.0,249.0,-0.017380346,0.0
1080000,1.4179986,0.0,249.0,-0.023714963,0.0
1090000,1.4179986,0.0,249.0,-0.029364679,0.0
1100000,1.4179986,0.024390243902439025,243.58536585365854,-0.016496021,0.024390243902439025
1110000,1.4179986,0.0,249.0,-0.020938173,0.0
1120000,1.4179986,0.0,249.0,-0.008997479,0.0
1130000,1.4179986,0.0,249.0,-0.035036445,0.0
1140000,1.4179984,0.024390243902439025,244.3170731707317,-0.022434987,0.024390243902439025
1150000,1.4179984,0.023809523809523808,244.97619047619048,-0.01896854,0.024390243902439025
1160000,1.4179986,0.0,249.0,-0.02271811,0.0
1170000,1.4179986,0.024390243902439025,242.9268292682927,-0.03643533,0.024390243902439025
1180000,1.4179986,0.0,249.0,-0.029649163,0.0
1190000,1.4179986,0.024390243902439025,242.9268292682927,-0.0422616,0.024390243902439025
1200000,1.4179986,0.0,249.0,-0.027954478,0.0
1210000,1.4179984,0.0,249.0,-0.031837653,0.0
1220000,1.4179986,0.024390243902439025,243.46341463414635,-0.0103291245,0.024390243902439025
1230000,1.4180028,0.0,249.0,-0.014783673,0.0
1240000,1.4180814,0.024390243902439025,243.26829268292684,-0.020479642,0.024390243902439025
1250000,1.4180814,0.025,246.1,-0.030095145,0.025
1260000,1.4180814,0.0,249.0,-0.019409306,0.0
1270000,1.4180814,0.0,249.0,-0.02177405,0.0
1280000,1.4180814,0.0,249.0,-0.033178367,0.0
1290000,1.4180814,0.024390243902439025,243.21951219512195,-0.03316738,0.024390243902439025
1300000,1.4180814,0.0,249.0,-0.037694007,0.0
1310000,1.4180814,0.025,248.45,-0.027937284,0.025
1320000,1.4180814,0.0,249.0,-0.02221286,0.0
1330000,1.4180814,0.0,249.0,-0.03483907,0.0
1340000,1.4180814,0.0,249.0,-0.034948833,0.0
1350000,1.4180814,0.0,249.0,-0.030407926,0.0
1360000,1.4180814,0.0,249.0,-0.05414925,0.0
1370000,1.4180815,0.0,249.0,-0.024237623,0.0
1380000,1.4180814,0.024390243902439025,244.82926829268294,-0.026794787,0.024390243902439025
1390000,1.4180814,0.0,249.0,-0.030131329,0.0
1400000,1.4180814,0.024390243902439025,243.97560975609755,-0.012835093,0.024390243902439025
1410000,1.4180814,0.0,249.0,-0.030063516,0.0
1420000,1.4180814,0.0,249.0,-0.016575769,0.0
1430000,1.4180814,0.0,249.0,-0.021638706,0.0
1440000,1.4184691,0.0,249.0,-0.038905762,0.0
1450000,1.4188429,0.0,249.0,-0.0239998,0.0
1460000,1.4188429,0.025,243.725,-0.017525718,0.025
1470000,1.4188429,0.047619047619047616,238.73809523809524,-0.038037878,0.047619047619047616
1480000,1.418843,0.0,249.0,-0.010244174,0.0
1490000,1.418843,0.0,249.0,-0.0161508,0.0
1500000,1.4188429,0.0,249.0,-0.025977248,0.0
1510000,1.4188429,0.0,249.0,-0.014450835,0.0
1520000,1.4188429,0.0,249.0,-0.02894916,0.0
1530000,1.4188429,0.0,249.0,-0.015268509,0.0
1540000,1.4188429,0.0,249.0,-0.04149342,0.0
1550000,1.4188429,0.0,249.0,-0.009111813,0.0
1560000,1.4188429,0.024390243902439025,246.17073170731706,-0.033785857,0.024390243902439025
1570000,1.4188429,0.0,249.0,-0.017089184,0.0
1580000,1.4188429,0.0,249.0,-0.0357877,0.0
1590000,1.4188429,0.025,248.575,-0.008543554,0.025
1600000,1.418843,0.0,249.0,-0.013081637,0.0
1610000,1.418843,0.024390243902439025,242.9268292682927,-0.01794822,0.024390243902439025
1620000,1.4188429,0.0,249.0,-0.008898239,0.0
1630000,1.418843,0.0,249.0,-0.02803522,0.0
1640000,1.4188805,0.0,249.0,0.0045053363,0.0
1650000,1.4195331,0.025,245.2,-0.010934572,0.025
1660000,1.419533,0.0,249.0,-0.020130742,0.0
1670000,1.419533,0.0,249.0,-0.004747488,0.0
1680000,1.419533,0.0,249.0,-0.0036521577,0.0
1690000,1.4195331,0.024390243902439025,245.21951219512195,-0.00091464526,0.024390243902439025
1700000,1.419533,0.025,247.025,-0.008926438,0.025
1710000,1.419533,0.0,249.0,-0.033731464,0.0
1720000,1.4195331,0.025,248.075,-0.023491662,0.025
1730000,1.419533,0.024390243902439025,244.02439024390245,-0.0142503865,0.024390243902439025
1740000,1.419533,0.04878048780487805,243.78048780487805,-0.02348059,0.04878048780487805
1750000,1.419533,0.0,249.0,-0.019859206,0.0
1760000,1.419533,0.0,249.0,-0.046294026,0.0
1770000,1.419533,0.025,248.0,0.007971269,0.025
1780000,1.419533,0.04878048780487805,243.46341463414635,-0.03500889,0.04878048780487805
1790000,1.419533,0.0,249.0,-0.015312919,0.0
1800000,1.419533,0.025,246.5,-0.024361769,0.025
1810000,1.419533,0.0,249.0,-0.0124120135,0.0
1820000,1.419533,0.0,249.0,-0.05321903,0.0
1830000,1.4195331,0.0,249.0,-0.02426267,0.0
1840000,1.419533,0.0,249.0,-0.032942552,0.0
1850000,1.4199195,0.0,249.0,-0.013292375,0.0
1860000,1.4202327,0.024390243902439025,243.70731707317074,-0.018078376,0.024390243902439025
1870000,1.4202327,0.0,249.0,-0.015047443,0.0
1880000,1.4202328,0.0,249.0,-0.019555267,0.0
1890000,1.4202327,0.0,249.0,-0.006551863,0.0
1900000,1.4202327,0.0,249.0,-0.0153793115,0.0
1910000,1.4202327,0.024390243902439025,242.9268292682927,-0.010081575,0.024390243902439025
1920000,1.4202327,0.0,249.0,-0.011385435,0.0
1930000,1.4202327,0.0,249.0,-0.027331466,0.0
1940000,1.4202327,0.0,249.0,-0.014566654,0.0
1950000,1.4202327,0.0,249.0,-0.030549848,0.0
1960000,1.4202327,0.0,249.0,-0.00968262,0.0
1970000,1.4202327,0.0,249.0,-0.02273449,0.0
1980000,1.4202325,0.0,249.0,-0.03388062,0.0
1990000,1.4202327,0.025,248.225,-0.021391893,0.025
2000000,1.4202327,0.024390243902439025,247.46341463414635,-0.014317396,0.024390243902439025
2010000,1.4202327,0.0,249.0,-0.03307157,0.0
2020000,1.4202325,0.025,245.575,-0.02887699,0.025
2030000,1.4202327,0.0,249.0,-0.030241316,0.0
2040000,1.4202325,0.025,247.7,-0.012687924,0.025
2050000,1.4202652,0.0,249.0,-0.010645354,0.0
2060000,1.4208968,0.024390243902439025,245.0,-0.022936402,0.024390243902439025
2070000,1.4208966,0.024390243902439025,244.41463414634146,-0.020523375,0.024390243902439025
2080000,1.4208966,0.0,249.0,-0.0013981819,0.0
2090000,1.4208966,0.07142857142857142,238.33333333333334,-0.012472193,0.07142857142857142
2100000,1.4208966,0.0,249.0,-0.013549343,0.0
2110000,1.4208966,0.0,249.0,-0.016548079,0.0
2120000,1.4208966,0.0,249.0,0.0008028016,0.0
2130000,1.4208966,0.024390243902439025,243.26829268292684,-0.030975286,0.024390243902439025
2140000,1.4208966,0.0,249.0,-0.003128453,0.0
2150000,1.4208966,0.0,249.0,-0.040071003,0.0
2160000,1.4208966,0.0,249.0,-0.020744504,0.0
2170000,1.4208966,0.0,249.0,-0.035702992,0.0
2180000,1.4208966,0.0,249.0,-0.01940581,0.0
2190000,1.4208966,0.0,249.0,-0.022037316,0.0
2200000,1.4208966,0.0,249.0,-0.022295708,0.0
2210000,1.4208966,0.0,249.0,-0.011783473,0.0
2220000,1.4208966,0.0,249.0,0.015067162,0.0
2230000,1.4208966,0.0,249.0,-0.016345726,0.0
2240000,1.4208966,0.025,246.775,-0.0061391424,0.025
2250000,1.4208966,0.0,249.0,-0.022172472,0.0
2260000,1.4213827,0.025,248.375,-0.013552874,0.025
2270000,1.4217777,0.0,249.0,0.002035144,0.0
2280000,1.4217778,0.0,249.0,-0.018194677,0.0
2290000,1.4217777,0.0,249.0,-0.014848086,0.0
2300000,1.4217777,0.0,249.0,-0.012062935,0.0
2310000,1.4217777,0.0,249.0,0.00028670096,0.0
2320000,1.4217778,0.04878048780487805,240.8780487804878,-0.010490545,0.024390243902439025
2330000,1.4217776,0.0,249.0,-0.008969484,0.025
2340000,1.4217777,0.04878048780487805,242.17073170731706,-0.006080506,0.04878048780487805
2350000,1.4217777,0.04878048780487805,243.90243902439025,-0.006811796,0.04878048780487805
2360000,1.4217777,0.0,249.0,-0.01812345,0.0
2370000,1.4217777,0.0,249.0,-0.02193876,0.0
2380000,1.4217777,0.0,249.0,0.010744502,0.0
2390000,1.4217777,0.0,249.0,-0.041718315,0.0
2400000,1.4217777,0.024390243902439025,242.97560975609755,-0.011075294,0.024390243902439025
2410000,1.4217777,0.024390243902439025,244.17073170731706,-0.009362619,0.024390243902439025
2420000,1.4217777,0.024390243902439025,243.7560975609756,-0.021583349,0.024390243902439025
2430000,1.4217777,0.025,248.225,0.012507123,0.025
2440000,1.4217777,0.024390243902439025,243.0,-0.017740078,0.024390243902439025
2450000,1.4217777,0.04878048780487805,243.609756097561,0.001261769,0.04878048780487805
2460000,1.4218132,0.04878048780487805,243.26829268292684,-0.032948155,0.04878048780487805
2470000,1.422499,0.0,249.0,-0.008228378,0.0
2480000,1.422499,0.0,249.0,0.00177961,0.0
2490000,1.422499,0.07317073170731707,244.46341463414635,-0.022259086,0.07317073170731707
2500000,1.422499,0.025,246.85,-0.007186168,0.025
2510000,1.422499,0.0,249.0,-0.0054293317,0.0
2520000,1.4224991,0.0,249.0,-0.024108151,0.0
2530000,1.422499,0.0,249.0,-0.0019214854,0.0
2540000,1.422499,0.0,249.0,-0.02414206,0.0
2550000,1.4224991,0.0,249.0,-0.0066405283,0.0
2560000,1.422499,0.024390243902439025,245.65853658536585,-0.017118583,0.024390243902439025
2570000,1.422499,0.025,248.2,-0.022379482,0.025
2580000,1.422499,0.04878048780487805,241.8780487804878,-0.00073350914,0.04878048780487805
2590000,1.422499,0.025,248.3,-0.014765143,0.025
2600000,1.422499,0.0,249.0,-0.012226969,0.0
2610000,1.422499,0.0,249.0,0.0019930904,0.0
2620000,1.422499,0.0,249.0,0.0064413757,0.0
2630000,1.422499,0.0,249.0,-0.0084470045,0.0
2640000,1.422499,0.024390243902439025,243.73170731707316,-0.0038992069,0.024390243902439025
2650000,1.4224988,0.0,249.0,-0.0030331544,0.0
2660000,1.422499,0.0,249.0,-0.017421603,0.0
2670000,1.4228271,0.025,245.425,0.0027566925,0.025
2680000,1.4231603,0.0,249.0,-0.0022278961,0.0
2690000,1.4231603,0.025,248.775,0.0043839864,0.025
2700000,1.4231603,0.09302325581395349,236.62790697674419,0.005244323,0.09302325581395349
2710000,1.4231604,0.024390243902439025,243.0,0.011809786,0.024390243902439025
2720000,1.4231603,0.025,247.6,0.0011450328,0.025
2730000,1.4231603,0.024390243902439025,243.21951219512195,0.007073163,0.024390243902439025
2740000,1.4231603,0.0,249.0,1.5651109e-05,0.0
2750000,1.4231603,0.0,249.0,0.013880214,0.0
2760000,1.4231603,0.04878048780487805,241.9512195121951,0.01340906,0.04878048780487805
2770000,1.4231603,0.07142857142857142,237.57142857142858,0.018129718,0.07142857142857142
2780000,1.4231603,0.025,247.95,0.0030127317,0.025
2790000,1.4231603,0.0,249.0,-0.0004572751,0.0
2800000,1.4231603,0.0,249.0,0.0030784546,0.0
2810000,1.4231603,0.0,249.0,0.00652351,0.0
2820000,1.4231603,0.025,247.425,-0.0001061447,0.025
2830000,1.4231602,0.047619047619047616,241.26190476190476,0.005578797,0.04878048780487805
2840000,1.4231603,0.04878048780487805,238.5121951219512,-0.007326875,0.047619047619047616
2850000,1.4231603,0.024390243902439025,245.8048780487805,0.007706448,0.024390243902439025
2860000,1.4231603,0.0,249.0,-0.0075711743,0.0
2870000,1.4232903,0.024390243902439025,243.5121951219512,0.0018380787,0.024390243902439025
2880000,1.4241797,0.11904761904761904,236.78571428571428,0.0047554383,0.11904761904761904
2890000,1.4241798,0.09523809523809523,232.5,0.029047027,0.09523809523809523
2900000,1.4241797,0.07142857142857142,241.23809523809524,0.019523313,0.07142857142857142
2910000,1.4241797,0.07317073170731707,240.21951219512195,0.0146323,0.07317073170731707
2920000,1.4241797,0.04878048780487805,243.6341463414634,0.019387977,0.04878048780487805
2930000,1.4241797,0.0,249.0,0.02099576,0.0
2940000,1.4241797,0.04878048780487805,245.3170731707317,0.01624052,0.04878048780487805
2950000,1.4241797,0.04878048780487805,242.29268292682926,0.019875623,0.04878048780487805
2960000,1.4241797,0.0975609756097561,239.9512195121951,0.015937332,0.0975609756097561
2970000,1.4241797,0.0,249.0,0.04101728,0.0
2980000,1.4241797,0.07317073170731707,243.70731707317074,0.013649131,0.07317073170731707
2990000,1.4241797,0.09523809523809523,239.16666666666666,0.019357642,0.09523809523809523
3000000,1.4241798,0.0975609756097561,240.78048780487805,0.016475024,0.0975609756097561
3010000,1.4241797,0.04878048780487805,245.3658536585366,0.02945281,0.04878048780487805
3020000,1.4241797,0.07317073170731707,239.390243902439,0.027364705,0.07317073170731707
3030000,1.4241797,0.047619047619047616,240.76190476190476,0.02511473,0.047619047619047616
3040000,1.4241797,0.07317073170731707,238.41463414634146,0.012160786,0.07317073170731707
3050000,1.4241797,0.04878048780487805,242.58536585365854,0.0032804382,0.04878048780487805
3060000,1.4241797,0.024390243902439025,245.17073170731706,0.012592567,0.024390243902439025
3070000,1.4241797,0.025,248.0,0.025025463,0.025
3080000,1.4245405,0.047619047619047616,240.71428571428572,0.022536304,0.047619047619047616
3090000,1.424778,0.0,249.0,0.044509582,0.0
3100000,1.424778,0.09523809523809523,236.73809523809524,0.025688617,0.09523809523809523
3110000,1.424778,0.11627906976744186,231.30232558139534,0.049823783,0.11627906976744186
3120000,1.424778,0.04878048780487805,240.9512195121951,0.042415705,0.04878048780487805
3130000,1.424778,0.0,249.0,0.044137377,0.0
3140000,1.424778,0.11363636363636363,229.1590909090909,0.0412913,0.11363636363636363
3150000,1.424778,0.07317073170731707,238.3658536585366,0.04931287,0.07317073170731707
3160000,1.424778,0.0,249.0,0.054389812,0.0
3170000,1.424778,0.07142857142857142,238.02380952380952,0.044630155,0.07142857142857142
3180000,1.424778,0.04878048780487805,246.14634146341464,0.04664845,0.04878048780487805
3190000,1.424778,0.025,244.775,0.043816485,0.025
3200000,1.424778,0.07142857142857142,238.45238095238096,0.042544656,0.07142857142857142
3210000,1.424778,0.0,249.0,0.049561314,0.0
3220000,1.424778,0.07317073170731707,241.7560975609756,0.026005024,0.07317073170731707
3230000,1.424778,0.11363636363636363,230.45454545454547,0.035081033,0.11363636363636363
3240000,1.424778,0.0,249.0,0.035824638,0.0
3250000,1.424778,0.075,243.25,0.026444742,0.075
3260000,1.424778,0.09302325581395349,236.4418604651163,0.030074688,0.09302325581395349
3270000,1.4247779,0.025,246.25,0.03715476,0.025
3280000,1.4248198,0.07317073170731707,242.58536585365854,0.031347826,0.07317073170731707
3290000,1.4250928,0.07142857142857142,236.14285714285714,0.054020967,0.07142857142857142
3300000,1.4250927,0.09523809523809523,238.04761904761904,0.055488296,0.09523809523809523
3310000,1.4250927,0.13333333333333333,224.24444444444444,0.054381546,0.13333333333333333
3320000,1.4250927,0.025,243.225,0.05742253,0.025
3330000,1.4250927,0.09302325581395349,233.32558139534885,0.056778435,0.09302325581395349
3340000,1.4250927,0.024390243902439025,245.6829268292683,0.05658705,0.024390243902439025
3350000,1.4250927,0.09523809523809523,234.0952380952381,0.06065177,0.07142857142857142
3360000,1.4250927,0.024390243902439025,245.02439024390245,0.055845678,0.04878048780487805
3370000,1.4250927,0.11627906976744186,232.1860465116279,0.04930603,0.11627906976744186
3380000,1.4250927,0.04878048780487805,240.14634146341464,0.060961608,0.04878048780487805
3390000,1.4250927,0.024390243902439025,245.6829268292683,0.05296253,0.024390243902439025
3400000,1.4250927,0.04878048780487805,240.4390243902439,0.057341628,0.04878048780487805
3410000,1.4250927,0.047619047619047616,239.92857142857142,0.053065907,0.047619047619047616
3420000,1.4250927,0.09302325581395349,231.32558139534885,0.0561324,0.09302325581395349
3430000,1.4250927,0.0,249.0,0.04677726,0.0
3440000,1.4250927,0.07142857142857142,237.38095238095238,0.04649802,0.07142857142857142
3450000,1.4250927,0.07317073170731707,238.17073170731706,0.042714927,0.07317073170731707
3460000,1.4250927,0.047619047619047616,240.38095238095238,0.055798974,0.047619047619047616
3470000,1.4250927,0.07142857142857142,235.23809523809524,0.036186796,0.07142857142857142
3480000,1.4250927,0.024390243902439025,243.9268292682927,0.047196925,0.024390243902439025
3490000,1.4252894,0.09302325581395349,232.65116279069767,0.057954013,0.09302325581395349
3500000,1.4254144,0.09302325581395349,229.65116279069767,0.07660639,0.09302325581395349
3510000,1.4254143,0.09302325581395349,231.13953488372093,0.057835568,0.09302325581395349
3520000,1.4254144,0.024390243902439025,243.4390243902439,0.071513385,0.024390243902439025
3530000,1.4254144,0.06976744186046512,234.8372093023256,0.07279317,0.06976744186046512
3540000,1.4254143,0.11627906976744186,230.95348837209303,0.060260043,0.11627906976744186
3550000,1.4254143,0.09523809523809523,233.8095238095238,0.07501297,0.09523809523809523
3560000,1.4254144,0.047619047619047616,238.78571428571428,0.0689942,0.047619047619047616
3570000,1.4254144,0.09302325581395349,230.06976744186048,0.0682765,0.09302325581395349
3580000,1.4254143,0.024390243902439025,243.85365853658536,0.06931289,0.024390243902439025
3590000,1.4254144,0.047619047619047616,239.61904761904762,0.06360533,0.047619047619047616
3600000,1.4254144,0.04878048780487805,239.9268292682927,0.07252774,0.04878048780487805
3610000,1.4254144,0.09302325581395349,234.67441860465115,0.061770756,0.09302325581395349
3620000,1.4254143,0.09523809523809523,232.52380952380952,0.076378904,0.09523809523809523
3630000,1.4254143,0.06976744186046512,235.2325581395349,0.061574887,0.06976744186046512
3640000,1.4254144,0.09302325581395349,231.4418604651163,0.068636954,0.09302325581395349
3650000,1.4254144,0.024390243902439025,244.0487804878049,0.06534323,0.024390243902439025
3660000,1.4254144,0.09523809523809523,232.07142857142858,0.0669371,0.09523809523809523
3670000,1.4254144,0.09523809523809523,236.71428571428572,0.057782967,0.09523809523809523
3680000,1.4254143,0.07142857142857142,238.21428571428572,0.06728266,0.07142857142857142
3690000,1.4254233,0.0,249.0,0.07045998,0.0
3700000,1.4255602,0.09090909090909091,230.6590909090909,0.09070717,0.09090909090909091
3710000,1.4255602,0.07142857142857142,236.35714285714286,0.08209099,0.07142857142857142
3720000,1.4255602,0.07142857142857142,235.83333333333334,0.07616661,0.07142857142857142
3730000,1.4255602,0.047619047619047616,238.83333333333334,0.07718369,0.047619047619047616
3740000,1.4255602,0.09523809523809523,231.61904761904762,0.08044656,0.09523809523809523
3750000,1.4255602,0.024390243902439025,244.02439024390245,0.075820185,0.024390243902439025
3760000,1.4255602,0.047619047619047616,238.78571428571428,0.08220569,0.047619047619047616
3770000,1.4255602,0.09302325581395349,230.11627906976744,0.087798305,0.09302325581395349
3780000,1.4255602,0.11363636363636363,226.52272727272728,0.08595753,0.11363636363636363
3790000,1.4255602,0.09302325581395349,230.97674418604652,0.08178995,0.09302325581395349
3800000,1.4255602,0.1111111111111111,225.44444444444446,0.07462948,0.1111111111111111
3810000,1.4255602,0.11627906976744186,229.09302325581396,0.0762176,0.09302325581395349
3820000,1.4255604,0.11363636363636363,227.8409090909091,0.072152525,0.13636363636363635
3830000,1.4255602,0.07142857142857142,237.07142857142858,0.075927034,0.07142857142857142
3840000,1.4255602,0.047619047619047616,238.23809523809524,0.07126047,0.047619047619047616
3850000,1.4255602,0.11627906976744186,227.6046511627907,0.07564044,0.11627906976744186
3860000,1.4255602,0.09302325581395349,231.4418604651163,0.07775941,0.09302325581395349
3870000,1.4255602,0.047619047619047616,239.5952380952381,0.069435194,0.047619047619047616
3880000,1.4255602,0.09302325581395349,231.53488372093022,0.0845603,0.09302325581395349
3890000,1.4255602,0.07142857142857142,238.02380952380952,0.0720018,0.07142857142857142
3900000,1.425637,0.09302325581395349,230.41860465116278,0.08684604,0.09302325581395349
3910000,1.4256858,0.07142857142857142,234.71428571428572,0.08175007,0.07142857142857142
3920000,1.4256858,0.047619047619047616,239.42857142857142,0.082621306,0.047619047619047616
3930000,1.4256858,0.09302325581395349,229.86046511627907,0.08220744,0.09302325581395349
3940000,1.4256858,0.04878048780487805,244.78048780487805,0.086081855,0.04878048780487805
3950000,1.4256858,0.024390243902439025,244.85365853658536,0.08104995,0.024390243902439025
3960000,1.4256858,0.15555555555555556,218.6888888888889,0.09018201,0.15555555555555556
3970000,1.4256858,0.07142857142857142,235.21428571428572,0.08633314,0.07142857142857142
3980000,1.4256858,0.09090909090909091,229.6818181818182,0.09320709,0.09090909090909091
3990000,1.4256858,0.17391304347826086,214.3695652173913,0.086896785,0.17391304347826086
4000000,1.4256858,0.09302325581395349,231.5581395348837,0.08081631,0.09302325581395349
4010000,1.4256858,0.024390243902439025,243.7560975609756,0.09956165,0.024390243902439025
4020000,1.4256858,0.09302325581395349,231.1860465116279,0.0829881,0.09302325581395349
4030000,1.4256858,0.19148936170212766,209.38297872340425,0.08581243,0.19148936170212766
4040000,1.4256858,0.09302325581395349,231.46511627906978,0.07587807,0.09302325581395349
4050000,1.4256858,0.047619047619047616,239.21428571428572,0.08700131,0.047619047619047616
4060000,1.4256858,0.09302325581395349,230.32558139534885,0.07892652,0.09302325581395349
4070000,1.4256858,0.09302325581395349,235.95348837209303,0.08284894,0.09302325581395349
4080000,1.4256858,0.11363636363636363,225.3409090909091,0.08794307,0.11363636363636363
4090000,1.4256856,0.11363636363636363,224.95454545454547,0.085701175,0.11363636363636363
4100000,1.4256172,0.07142857142857142,238.92857142857142,0.07727704,0.07142857142857142
4110000,1.4252936,0.09302325581395349,231.37209302325581,0.09016057,0.09302325581395349
4120000,1.4252936,0.09302325581395349,228.93023255813952,0.0949104,0.09302325581395349
4130000,1.4252936,0.024390243902439025,244.3170731707317,0.08873162,0.024390243902439025
4140000,1.4252937,0.07142857142857142,233.6904761904762,0.08658723,0.07142857142857142
4150000,1.4252937,0.09090909090909091,231.47727272727272,0.093648605,0.09090909090909091
4160000,1.4252936,0.04878048780487805,239.3170731707317,0.07830316,0.04878048780487805
4170000,1.4252936,0.09090909090909091,229.5681818181818,0.0990104,0.09090909090909091
4180000,1.4252936,0.025,243.475,0.08347563,0.025
4190000,1.4252936,0.1111111111111111,225.86666666666667,0.09931276,0.1111111111111111
4200000,1.4252936,0.07142857142857142,234.71428571428572,0.092054434,0.07142857142857142
4210000,1.4252936,0.04878048780487805,240.6829268292683,0.08776452,0.04878048780487805
4220000,1.4252936,0.1111111111111111,224.93333333333334,0.101096384,0.1111111111111111
4230000,1.4252936,0.11363636363636363,225.25,0.089797564,0.11363636363636363
4240000,1.4252936,0.09302325581395349,229.51162790697674,0.08663077,0.09302325581395349
4250000,1.4252936,0.11363636363636363,229.29545454545453,0.09819178,0.11363636363636363
4260000,1.4252936,0.13333333333333333,221.0888888888889,0.09290891,0.13333333333333333
4270000,1.4252936,0.07142857142857142,233.07142857142858,0.093249545,0.07142857142857142
4280000,1.4252936,0.06976744186046512,234.67441860465115,0.087826826,0.06976744186046512
4290000,1.4252937,0.0,249.0,0.0799938,0.0
4300000,1.4252936,0.05,239.15,0.09261461,0.04878048780487805
4310000,1.425566,0.047619047619047616,238.88095238095238,0.08658347,0.047619047619047616
4320000,1.4257629,0.06976744186046512,233.6046511627907,0.10703646,0.06976744186046512
4330000,1.4257629,0.13636363636363635,222.36363636363637,0.1029094,0.13636363636363635
4340000,1.4257629,0.15217391304347827,216.80434782608697,0.091947265,0.15217391304347827
4350000,1.4257629,0.047619047619047616,238.92857142857142,0.099487565,0.047619047619047616
4360000,1.4257629,0.09090909090909091,229.61363636363637,0.10042424,0.09090909090909091
4370000,1.4257629,0.13636363636363635,221.8409090909091,0.09720982,0.13636363636363635
4380000,1.4257629,0.024390243902439025,243.9268292682927,0.09881869,0.024390243902439025
4390000,1.4257629,0.11363636363636363,225.70454545454547,0.094095685,0.11363636363636363
4400000,1.4257629,0.06976744186046512,232.7674418604651,0.08992222,0.06976744186046512
4410000,1.4257629,0.06976744186046512,234.0,0.0962222,0.06976744186046512
4420000,1.425763,0.09302325581395349,229.34883720930233,0.094835214,0.09302325581395349
4430000,1.4257629,0.11363636363636363,224.86363636363637,0.103350185,0.11363636363636363
4440000,1.4257629,0.11363636363636363,226.0681818181818,0.10153325,0.11363636363636363
4450000,1.425763,0.047619047619047616,239.4047619047619,0.09288216,0.047619047619047616
4460000,1.4257629,0.09302325581395349,228.06976744186048,0.1032062,0.09302325581395349
4470000,1.4257629,0.06976744186046512,235.11627906976744,0.10178849,0.06976744186046512
4480000,1.4257629,0.047619047619047616,238.26190476190476,0.09901424,0.047619047619047616
4490000,1.4257629,0.04878048780487805,238.82926829268294,0.0843893,0.024390243902439025
4500000,1.425763,0.11363636363636363,225.8181818181818,0.103352375,0.13636363636363635
4510000,1.4257715,0.09090909090909091,229.6590909090909,0.101556614,0.09090909090909091
4520000,1.4258353,0.13333333333333333,219.86666666666667,0.10624115,0.13333333333333333
4530000,1.4258354,0.13333333333333333,220.24444444444444,0.10563858,0.13333333333333333
4540000,1.4258353,0.1702127659574468,211.06382978723406,0.109253034,0.1702127659574468
4550000,1.4258353,0.13333333333333333,221.0,0.107601285,0.13333333333333333
4560000,1.4258353,0.047619047619047616,241.16666666666666,0.101905,0.047619047619047616
4570000,1.4258354,0.07142857142857142,233.35714285714286,0.10306014,0.07142857142857142
4580000,1.4258353,0.047619047619047616,238.6904761904762,0.10124092,0.047619047619047616
4590000,1.4258353,0.06976744186046512,234.2093023255814,0.10637086,0.06976744186046512
4600000,1.4258353,0.11363636363636363,224.9090909090909,0.10947823,0.11363636363636363
4610000,1.4258353,0.0,249.0,0.081825376,0.0
4620000,1.4258354,0.13333333333333333,221.75555555555556,0.10354555,0.13333333333333333
4630000,1.4258353,0.047619047619047616,238.66666666666666,0.09495739,0.047619047619047616
4640000,1.4258353,0.07142857142857142,233.47619047619048,0.09283605,0.07142857142857142
4650000,1.4258353,0.15217391304347827,218.1304347826087,0.107091084,0.15217391304347827
4660000,1.4258353,0.13333333333333333,220.84444444444443,0.112668246,0.13333333333333333
4670000,1.4258353,0.13333333333333333,220.82222222222222,0.10160057,0.13333333333333333
4680000,1.4258353,0.1702127659574468,211.72340425531914,0.12645738,0.1702127659574468
4690000,1.4258353,0.047619047619047616,238.3095238095238,0.09413551,0.047619047619047616
4700000,1.4258353,0.13333333333333333,220.93333333333334,0.10644905,0.13333333333333333
4710000,1.4258354,0.047619047619047616,238.3095238095238,0.10339922,0.047619047619047616
4720000,1.4258705,0.09302325581395349,228.90697674418604,0.09808386,0.09302325581395349
4730000,1.4258888,0.09090909090909091,228.6590909090909,0.10540395,0.09090909090909091
4740000,1.4258887,0.09302325581395349,228.02325581395348,0.093506046,0.09302325581395349
4750000,1.4258887,0.13333333333333333,221.2888888888889,0.12197063,0.13333333333333333
4760000,1.4258887,0.09090909090909091,229.4090909090909,0.10569005,0.09090909090909091
4770000,1.4258887,0.07142857142857142,234.21428571428572,0.10311107,0.07142857142857142
4780000,1.4258887,0.09090909090909091,229.25,0.10503065,0.09090909090909091
4790000,1.4258887,0.11363636363636363,224.75,0.113960624,0.11363636363636363
4800000,1.4258887,0.06976744186046512,233.58139534883722,0.10171409,0.06976744186046512
4810000,1.4258887,0.17391304347826086,212.02173913043478,0.11339045,0.17391304347826086
4820000,1.4258887,0.1111111111111111,225.51111111111112,0.10756728,0.1111111111111111
4830000,1.4258887,0.07142857142857142,233.97619047619048,0.093316995,0.07142857142857142
4840000,1.4258887,0.15217391304347827,216.7826086956522,0.10839128,0.15217391304347827
4850000,1.4258888,0.09302325581395349,229.48837209302326,0.10579924,0.09302325581395349
4860000,1.4258887,0.09090909090909091,229.22727272727272,0.105872385,0.09090909090909091
4870000,1.4258887,0.07142857142857142,233.66666666666666,0.09344795,0.07142857142857142
4880000,1.4258887,0.047619047619047616,238.21428571428572,0.102612235,0.047619047619047616
4890000,1.4258887,0.024390243902439025,243.4878048780488,0.08714124,0.024390243902439025
4900000,1.4258887,0.06976744186046512,234.30232558139534,0.102030866,0.06976744186046512
4910000,1.4258887,0.0,249.0,0.09520458,0.0
4920000,1.4258631,0.15555555555555556,216.86666666666667,0.10996917,0.15555555555555556
4930000,1.4256418,0.06976744186046512,234.6046511627907,0.10159942,0.06976744186046512
4940000,1.4256418,0.11363636363636363,223.86363636363637,0.11967113,0.11363636363636363
4950000,1.4256418,0.09090909090909091,229.52272727272728,0.09417414,0.09090909090909091
4960000,1.4256418,0.07142857142857142,233.1904761904762,0.10793368,0.07142857142857142
4970000,1.4256418,0.1875,207.85416666666666,0.117797084,0.1875
4980000,1.4256418,0.1111111111111111,224.86666666666667,0.106277145,0.1111111111111111
4990000,1.4256418,0.09302325581395349,228.74418604651163,0.09956455,0.09302325581395349
5000000,1.4256418,0.1111111111111111,224.95555555555555,0.106630735,0.1111111111111111
5010000,1.4256418,0.11363636363636363,224.77272727272728,0.09685716,0.11363636363636363
5020000,1.4256418,0.09302325581395349,229.02325581395348,0.11068648,0.09302325581395349
5030000,1.4256418,0.13333333333333333,221.13333333333333,0.099396,0.13333333333333333
5040000,1.4256418,0.20408163265306123,206.3877551020408,0.1259191,0.20408163265306123
5050000,1.4256418,0.1702127659574468,211.25531914893617,0.115993805,0.1702127659574468
5060000,1.4256418,0.13333333333333333,219.2888888888889,0.11062431,0.13333333333333333
5070000,1.4256418,0.024390243902439025,244.1219512195122,0.09459465,0.024390243902439025
5080000,1.4256418,0.09302325581395349,228.86046511627907,0.10818433,0.09302325581395349
5090000,1.4256418,0.13333333333333333,220.75555555555556,0.10676603,0.13333333333333333
5100000,1.4256418,0.13043478260869565,221.04347826086956,0.120116174,0.13043478260869565
5110000,1.4256418,0.11363636363636363,223.6590909090909,0.10499141,0.11363636363636363
5120000,1.4256418,0.13333333333333333,220.57777777777778,0.11642369,0.13333333333333333
5130000,1.4255637,0.13333333333333333,221.3111111111111,0.108581595,0.13333333333333333
5140000,1.4255239,0.1702127659574468,214.3404255319149,0.11318255,0.1702127659574468
5150000,1.4255239,0.04878048780487805,238.3170731707317,0.09887094,0.04878048780487805
5160000,1.4255239,0.1702127659574468,212.59574468085106,0.12318049,0.1702127659574468
5170000,1.4255239,0.13333333333333333,220.22222222222223,0.115069255,0.13333333333333333
5180000,1.4255239,0.22,202.28,0.13586432,0.22
5190000,1.4255239,0.04878048780487805,238.34146341463415,0.09745684,0.04878048780487805
5200000,1.4255239,0.1111111111111111,224.22222222222223,0.11260518,0.1111111111111111
5210000,1.425524,0.11363636363636363,225.27272727272728,0.10781686,0.11363636363636363
5220000,1.4255239,0.09302325581395349,229.65116279069767,0.110911325,0.09302325581395349
5230000,1.4255239,0.09090909090909091,229.0681818181818,0.10377243,0.09090909090909091
5240000,1.4255239,0.07142857142857142,234.16666666666666,0.110822216,0.07142857142857142
5250000,1.425524,0.15217391304347827,216.2391304347826,0.12284814,0.15217391304347827
5260000,1.4255239,0.09090909090909091,230.04545454545453,0.11879873,0.09090909090909091
5270000,1.4255239,0.09302325581395349,228.62790697674419,0.10484707,0.09302325581395349
5280000,1.4255239,0.13043478260869565,220.2608695652174,0.124945186,0.13043478260869565
5290000,1.4255239,0.07142857142857142,233.42857142857142,0.106989756,0.07142857142857142
5300000,1.425524,0.047619047619047616,239.4047619047619,0.10290272,0.047619047619047616
5310000,1.4255239,0.13333333333333333,219.42222222222222,0.11202469,0.13333333333333333
5320000,1.4255239,0.09090909090909091,228.75,0.104665875,0.09090909090909091
5330000,1.4255689,0.15217391304347827,214.95652173913044,0.119479954,0.15217391304347827
5340000,1.425854,0.06976744186046512,234.02325581395348,0.10835232,0.06976744186046512
5350000,1.425854,0.09302325581395349,229.2325581395349,0.11054286,0.09302325581395349
5360000,1.425854,0.15217391304347827,215.34782608695653,0.1226599,0.15217391304347827
5370000,1.425854,0.09090909090909091,229.47727272727272,0.1052475,0.09090909090909091
5380000,1.425854,0.15217391304347827,215.80434782608697,0.121602215,0.15217391304347827
5390000,1.4258541,0.09302325581395349,229.58139534883722,0.10858118,0.09302325581395349
5400000,1.425854,0.09302325581395349,228.8372093023256,0.10558839,0.09302325581395349
5410000,1.425854,0.14893617021276595,216.72340425531914,0.12059435,0.14893617021276595
5420000,1.4258541,0.15217391304347827,215.41304347826087,0.121727675,0.15217391304347827
5430000,1.425854,0.20833333333333334,203.77083333333334,0.12847908,0.20833333333333334
5440000,1.425854,0.1875,208.95833333333334,0.11808425,0.1875
5450000,1.425854,0.13333333333333333,219.7111111111111,0.114777245,0.13333333333333333
5460000,1.4258541,0.13333333333333333,220.9777777777778,0.111403264,0.13333333333333333
5470000,1.425854,0.047619047619047616,239.1904761904762,0.10840619,0.047619047619047616
5480000,1.425854,0.15217391304347827,215.56521739130434,0.11603615,0.15217391304347827
5490000,1.425854,0.15217391304347827,216.2391304347826,0.10838331,0.15217391304347827
5500000,1.425854,0.13333333333333333,220.77777777777777,0.11671122,0.13333333333333333
5510000,1.425854,0.1111111111111111,225.77777777777777,0.11561667,0.1111111111111111
5520000,1.425854,0.09302325581395349,230.2325581395349,0.1129967,0.09302325581395349
5530000,1.4258541,0.13333333333333333,221.26666666666668,0.11185658,0.13333333333333333
5540000,1.4259918,0.11363636363636363,223.20454545454547,0.11035264,0.11363636363636363
5550000,1.4260616,0.2692307692307692,190.90384615384616,0.13530019,0.2692307692307692
5560000,1.4260616,0.09090909090909091,229.5681818181818,0.11157093,0.09090909090909091
5570000,1.4260616,0.19148936170212766,208.06382978723406,0.11449508,0.1702127659574468
5580000,1.4260616,0.13043478260869565,221.06521739130434,0.114221066,0.15217391304347827
5590000,1.4260616,0.04878048780487805,238.1219512195122,0.098530255,0.04878048780487805
5600000,1.4260616,0.09090909090909091,228.8181818181818,0.11088913,0.09090909090909091
5610000,1.4260616,0.09302325581395349,228.7674418604651,0.106846355,0.09302325581395349
5620000,1.4260616,0.14893617021276595,215.74468085106383,0.113669306,0.14893617021276595
5630000,1.4260616,0.07142857142857142,233.47619047619048,0.099359766,0.07142857142857142
5640000,1.4260616,0.15217391304347827,216.1304347826087,0.11884395,0.13043478260869565
5650000,1.4260616,0.1875,207.58333333333334,0.12799047,0.20833333333333334
5660000,1.4260616,0.047619047619047616,238.8095238095238,0.09978674,0.047619047619047616
5670000,1.4260616,0.24,197.02,0.14039113,0.24
5680000,1.4260616,0.024390243902439025,244.21951219512195,0.08275621,0.024390243902439025
5690000,1.4260616,0.09090909090909091,229.77272727272728,0.1071289,0.09090909090909091
5700000,1.4260616,0.15555555555555556,216.0888888888889,0.113813706,0.15555555555555556
5710000,1.4260616,0.047619047619047616,237.8095238095238,0.102856025,0.047619047619047616
5720000,1.4260616,0.047619047619047616,238.5952380952381,0.09649049,0.047619047619047616
5730000,1.4260615,0.06976744186046512,233.7906976744186,0.10557765,0.06976744186046512
5740000,1.426078,0.09302325581395349,228.27906976744185,0.11051996,0.09302325581395349
5750000,1.4261277,0.1111111111111111,225.11111111111111,0.11026792,0.1111111111111111
5760000,1.4261277,0.11363636363636363,224.9318181818182,0.10792479,0.11363636363636363
5770000,1.4261277,0.1875,208.22916666666666,0.13329013,0.1875
5780000,1.4261276,0.09302325581395349,228.25581395348837,0.099937096,0.09302325581395349
5790000,1.4261276,0.2549019607843137,194.68627450980392,0.14426222,0.2549019607843137
5800000,1.4261277,0.13043478260869565,220.43478260869566,0.10358118,0.13043478260869565
5810000,1.4261277,0.07142857142857142,233.16666666666666,0.10759596,0.07142857142857142
5820000,1.4261277,0.06976744186046512,234.32558139534885,0.10139003,0.06976744186046512
5830000,1.4261277,0.09302325581395349,229.48837209302326,0.10341252,0.09302325581395349
5840000,1.4261277,0.1111111111111111,223.84444444444443,0.10775046,0.1111111111111111
5850000,1.4261277,0.07142857142857142,233.92857142857142,0.106136836,0.07142857142857142
5860000,1.4261276,0.1702127659574468,211.27659574468086,0.11511913,0.1702127659574468
5870000,1.4261276,0.11363636363636363,225.70454545454547,0.10890258,0.11363636363636363
5880000,1.4261277,0.13333333333333333,221.0222222222222,0.11347028,0.13333333333333333
5890000,1.4261277,0.15217391304347827,216.84782608695653,0.120703295,0.15217391304347827
5900000,1.4261277,0.047619047619047616,238.73809523809524,0.09896551,0.047619047619047616
5910000,1.4261276,0.09090909090909091,228.63636363636363,0.10716618,0.09090909090909091
5920000,1.4261277,0.15217391304347827,216.1086956521739,0.12015962,0.15217391304347827
5930000,1.4261277,0.13333333333333333,219.46666666666667,0.10930851,0.13333333333333333
5940000,1.4261277,0.047619047619047616,239.21428571428572,0.10148827,0.047619047619047616
5950000,1.4261254,0.20833333333333334,203.0,0.13017115,0.20833333333333334
5960000,1.4261247,0.14893617021276595,215.91489361702128,0.1151152,0.14893617021276595
5970000,1.4261247,0.15217391304347827,216.58695652173913,0.110728025,0.15217391304347827
5980000,1.4261247,0.04878048780487805,238.34146341463415,0.098663084,0.04878048780487805
5990000,1.4261247,0.13043478260869565,220.47826086956522,0.11649332,0.13043478260869565
6000000,1.4261247,0.13333333333333333,220.53333333333333,0.11641052,0.13333333333333333
6010000,1.4261247,0.1875,208.02083333333334,0.1278794,0.1875
6020000,1.4261248,0.1702127659574468,211.7659574468085,0.12554497,0.1702127659574468
6030000,1.4261247,0.07142857142857142,233.42857142857142,0.09832617,0.07142857142857142
6040000,1.4261247,0.15217391304347827,216.3913043478261,0.11882754,0.15217391304347827
6050000,1.4261247,0.1702127659574468,212.74468085106383,0.13157086,0.1702127659574468
6060000,1.4261247,0.11363636363636363,225.36363636363637,0.11556787,0.11363636363636363
6070000,1.4261247,0.1875,210.35416666666666,0.1354689,0.1875
6080000,1.4261247,0.13333333333333333,220.82222222222222,0.11485617,0.13333333333333333
6090000,1.4261247,0.13333333333333333,220.11111111111111,0.10764044,0.13333333333333333
6100000,1.4261247,0.1702127659574468,212.87234042553192,0.11866763,0.1702127659574468
6110000,1.4261247,0.09302325581395349,229.48837209302326,0.11187601,0.09302325581395349
6120000,1.4261246,0.11363636363636363,224.5,0.1088546,0.11363636363636363
6130000,1.4261247,0.1702127659574468,211.25531914893617,0.12544335,0.1702127659574468
6140000,1.4261247,0.2692307692307692,191.40384615384616,0.13936518,0.2692307692307692
6150000,1.4261193,0.13333333333333333,221.17777777777778,0.11438565,0.1111111111111111
6160000,1.4260948,0.09090909090909091,229.63636363636363,0.112815,0.11363636363636363
6170000,1.4260948,0.024390243902439025,243.65853658536585,0.10378721,0.024390243902439025
6180000,1.4260949,0.15217391304347827,215.69565217391303,0.12423072,0.15217391304347827
6190000,1.4260948,0.22448979591836735,201.46938775510205,0.13640429,0.22448979591836735
6200000,1.4260948,0.1702127659574468,212.5531914893617,0.12793957,0.1702127659574468
6210000,1.4260948,0.1702127659574468,212.04255319148936,0.13028623,0.1702127659574468
6220000,1.4260948,0.13333333333333333,220.48888888888888,0.11918692,0.13333333333333333
6230000,1.4260948,0.1702127659574468,212.14893617021278,0.13130198,0.1702127659574468
6240000,1.4260948,0.1702127659574468,212.72340425531914,0.12534615,0.1702127659574468
6250000,1.4260949,0.09302325581395349,228.32558139534885,0.11545749,0.09302325581395349
6260000,1.4260948,0.15217391304347827,216.30434782608697,0.12270421,0.15217391304347827
6270000,1.4260948,0.13043478260869565,220.2826086956522,0.12286691,0.13043478260869565
6280000,1.4260948,0.09302325581395349,229.58139534883722,0.11095898,0.09302325581395349
6290000,1.4260948,0.1836734693877551,209.22448979591837,0.14071707,0.1875
6300000,1.4260948,0.11627906976744186,223.4418604651163,0.11599984,0.11363636363636363
6310000,1.4260948,0.1875,208.39583333333334,0.1306559,0.1875
6320000,1.4260948,0.1111111111111111,224.04444444444445,0.11909751,0.1111111111111111
6330000,1.4260948,0.1875,206.97916666666666,0.1298223,0.1875
6340000,1.4260948,0.15217391304347827,216.5,0.1233237,0.15217391304347827
6350000,1.4260948,0.09302325581395349,228.86046511627907,0.11512992,0.09302325581395349
6360000,1.4264083,0.09090909090909091,228.6818181818182,0.115786195,0.09090909090909091
6370000,1.4265153,0.15217391304347827,216.7173913043478,0.12804937,0.15217391304347827
6380000,1.4265152,0.17391304347826086,211.69565217391303,0.13010445,0.17391304347826086
6390000,1.4265153,0.13043478260869565,220.80434782608697,0.12018773,0.13043478260869565
6400000,1.4265153,0.1702127659574468,212.10638297872342,0.13008657,0.1702127659574468
6410000,1.4265153,0.17391304347826086,211.84782608695653,0.135795,0.17391304347826086
6420000,1.4265153,0.06976744186046512,233.72093023255815,0.10450551,0.06976744186046512
6430000,1.4265153,0.24,197.14,0.14768845,0.24
6440000,1.4265153,0.13043478260869565,221.02173913043478,0.1232235,0.13043478260869565
6450000,1.4265153,0.13333333333333333,220.4,0.11973133,0.13333333333333333
6460000,1.4265153,0.1875,207.89583333333334,0.12446011,0.1875
6470000,1.4265153,0.24,196.44,0.14657496,0.24
6480000,1.4265153,0.1702127659574468,211.70212765957447,0.12153591,0.1702127659574468
6490000,1.4265153,0.1111111111111111,224.0888888888889,0.11454229,0.1111111111111111
6500000,1.4265153,0.24,197.5,0.14727312,0.24
6510000,1.4265153,0.1702127659574468,212.4255319148936,0.13132033,0.1702127659574468
6520000,1.4265153,0.1702127659574468,212.27659574468086,0.13271661,0.1702127659574468
6530000,1.4265153,0.11363636363636363,224.79545454545453,0.11989551,0.11363636363636363
6540000,1.4265153,0.15217391304347827,217.91304347826087,0.119827166,0.15217391304347827
6550000,1.4265153,0.13333333333333333,220.04444444444445,0.11713809,0.13333333333333333
6560000,1.4265041,0.07142857142857142,233.88095238095238,0.1130456,0.07142857142857142
6570000,1.4264681,0.23529411764705882,198.7843137254902,0.14230792,0.23529411764705882
6580000,1.4264681,0.15217391304347827,216.91304347826087,0.12639813,0.15217391304347827
6590000,1.4264681,0.07142857142857142,233.38095238095238,0.10191599,0.07142857142857142
6600000,1.4264681,0.1111111111111111,224.55555555555554,0.11829143,0.1111111111111111
6610000,1.4264681,0.11363636363636363,224.29545454545453,0.11912758,0.11363636363636363
6620000,1.4264681,0.13333333333333333,220.6,0.11341482,0.13333333333333333
6630000,1.4264681,0.1702127659574468,213.40425531914894,0.13356714,0.1702127659574468
6640000,1.4264681,0.13333333333333333,219.7111111111111,0.12266601,0.13333333333333333
6650000,1.4264681,0.11363636363636363,225.4318181818182,0.11283135,0.11363636363636363
6660000,1.4264681,0.15217391304347827,216.2826086956522,0.1273774,0.15217391304347827
6670000,1.4264681,0.047619047619047616,239.04761904761904,0.097206175,0.047619047619047616
6680000,1.4264681,0.13333333333333333,219.8,0.118932895,0.13333333333333333
6690000,1.4264681,0.06976744186046512,233.48837209302326,0.10039768,0.06976744186046512
6700000,1.4264681,0.13333333333333333,219.06666666666666,0.12399729,0.13333333333333333
6710000,1.4264681,0.22,200.86,0.14407463,0.22
6720000,1.4264681,0.19148936170212766,208.12765957446808,0.13932595,0.19148936170212766
6730000,1.4264683,0.06976744186046512,234.69767441860466,0.10821034,0.06976744186046512
6740000,1.4264681,0.1875,209.66666666666666,0.13429901,0.19148936170212766
6750000,1.4264681,0.24,197.28,0.14918718,0.23529411764705882
6760000,1.4264681,0.07142857142857142,233.57142857142858,0.10320624,0.07142857142857142
6770000,1.4263859,0.13333333333333333,221.8,0.12451233,0.13333333333333333
6780000,1.4263546,0.13333333333333333,220.13333333333333,0.114253916,0.13333333333333333
6790000,1.4263548,0.09090909090909091,228.8181818181818,0.11047849,0.09090909090909091
6800000,1.4263548,0.16666666666666666,212.8125,0.1289357,0.1702127659574468
6810000,1.4263548,0.20833333333333334,204.33333333333334,0.1376341,0.20408163265306123
6820000,1.4263546,0.1702127659574468,212.06382978723406,0.12239519,0.1702127659574468
6830000,1.4263548,0.19148936170212766,208.27659574468086,0.129655,0.19148936170212766
6840000,1.4263546,0.23529411764705882,197.76470588235293,0.14914812,0.23529411764705882
6850000,1.4263548,0.11363636363636363,224.77272727272728,0.11535933,0.11363636363636363
6860000,1.4263548,0.20408163265306123,204.53061224489795,0.12767126,0.20408163265306123
6870000,1.4263548,0.09302325581395349,228.11627906976744,0.10924569,0.09302325581395349
6880000,1.4263548,0.3090909090909091,182.94545454545454,0.15474784,0.3090909090909091
6890000,1.4263548,0.15217391304347827,217.1086956521739,0.11446288,0.15217391304347827
6900000,1.4263546,0.15217391304347827,216.08695652173913,0.12890288,0.15217391304347827
6910000,1.4263548,0.19148936170212766,207.48936170212767,0.124863334,0.19148936170212766
6920000,1.4263548,0.1111111111111111,226.0,0.11306331,0.1111111111111111
6930000,1.4263546,0.2549019607843137,193.64705882352942,0.1460532,0.2549019607843137
6940000,1.4263548,0.19148936170212766,209.6595744680851,0.13206361,0.19148936170212766
6950000,1.4263548,0.06976744186046512,234.41860465116278,0.09937286,0.06976744186046512
6960000,1.4263548,0.09302325581395349,228.5581395348837,0.10694522,0.09302325581395349
6970000,1.4263997,0.1875,207.77083333333334,0.12892185,0.1875
6980000,1.4265176,0.1875,208.04166666666666,0.1312432,0.1875
6990000,1.4265176,0.1702127659574468,211.91489361702128,0.12451888,0.1702127659574468
7000000,1.4265176,0.13333333333333333,220.0222222222222,0.12328771,0.13333333333333333
7010000,1.4265176,0.1111111111111111,225.22222222222223,0.11603285,0.1111111111111111
7020000,1.4265176,0.19148936170212766,208.27659574468086,0.12783708,0.19148936170212766
7030000,1.4265176,0.15217391304347827,215.69565217391303,0.1182025,0.15217391304347827
7040000,1.4265176,0.06976744186046512,233.8372093023256,0.101348855,0.06976744186046512
7050000,1.4265176,0.11363636363636363,224.61363636363637,0.113726065,0.11363636363636363
7060000,1.4265176,0.11363636363636363,224.88636363636363,0.10720393,0.09090909090909091
7070000,1.4265176,0.1702127659574468,212.04255319148936,0.12582466,0.1702127659574468
7080000,1.4265176,0.25,195.40384615384616,0.15123901,0.2692307692307692
7090000,1.4265176,0.19148936170212766,207.9787234042553,0.13824378,0.19148936170212766
7100000,1.4265176,0.22,201.66,0.13925505,0.22
7110000,1.4265176,0.15217391304347827,216.19565217391303,0.123728655,0.15217391304347827
7120000,1.4265176,0.2692307692307692,190.40384615384616,0.14457665,0.2692307692307692
7130000,1.4265176,0.2549019607843137,195.2941176470588,0.1517589,0.2549019607843137
7140000,1.4265176,0.11363636363636363,223.47727272727272,0.10855407,0.11363636363636363
7150000,1.4265176,0.20408163265306123,204.9387755102041,0.14733408,0.20408163265306123
7160000,1.4265176,0.1111111111111111,224.0,0.11289351,0.1111111111111111
7170000,1.4265176,0.24,196.08,0.14974497,0.24
7180000,1.4267088,0.09302325581395349,229.7906976744186,0.11063814,0.09302325581395349
7190000,1.4267523,0.20408163265306123,204.59183673469389,0.13171943,0.20408163265306123
7200000,1.4267523,0.3090909090909091,183.14545454545456,0.17063048,0.3090909090909091
7210000,1.4267524,0.22448979591836735,202.10204081632654,0.1517758,0.22448979591836735
7220000,1.4267523,0.22448979591836735,200.12244897959184,0.14635706,0.20408163265306123
7230000,1.4267523,0.13043478260869565,220.2391304347826,0.123514526,0.15217391304347827
7240000,1.4267524,0.2692307692307692,189.84615384615384,0.15415415,0.2692307692307692
7250000,1.4267524,0.13333333333333333,220.2,0.12331617,0.13333333333333333
7260000,1.4267523,0.1111111111111111,224.55555555555554,0.11737058,0.1111111111111111
7270000,1.4267523,0.07142857142857142,234.1904761904762,0.10840215,0.07142857142857142
7280000,1.4267523,0.1875,209.08333333333334,0.13098325,0.1875
7290000,1.4267524,0.24,196.5,0.1466022,0.24
7300000,1.4267523,0.15217391304347827,216.5,0.1223384,0.15217391304347827
7310000,1.4267523,0.1702127659574468,213.0,0.13236746,0.1702127659574468
7320000,1.4267523,0.09090909090909091,228.70454545454547,0.1152133,0.09090909090909091
7330000,1.4267523,0.11363636363636363,224.3409090909091,0.10666687,0.11363636363636363
7340000,1.4267523,0.13333333333333333,220.0888888888889,0.12436675,0.13333333333333333
7350000,1.4267524,0.1702127659574468,212.6595744680851,0.123417206,0.1702127659574468
7360000,1.4267523,0.15217391304347827,215.3695652173913,0.120397255,0.15217391304347827
7370000,1.4267523,0.1702127659574468,212.61702127659575,0.13969637,0.1702127659574468
7380000,1.4267989,0.1875,208.91666666666666,0.1352833,0.1875
7390000,1.4269353,0.1875,208.0625,0.14101,0.1875
7400000,1.4269353,0.15217391304347827,216.32608695652175,0.122235164,0.15217391304347827
7410000,1.4269353,0.28846153846153844,187.26923076923077,0.16485892,0.28846153846153844
7420000,1.4269353,0.25,194.42307692307693,0.14673604,0.25
7430000,1.4269353,0.1702127659574468,211.36170212765958,0.13344897,0.1702127659574468
7440000,1.4269353,0.22448979591836735,200.79591836734693,0.14847942,0.22448979591836735
7450000,1.4269353,0.15217391304347827,216.2173913043478,0.11772416,0.15217391304347827
7460000,1.4269353,0.23529411764705882,198.88235294117646,0.15456371,0.23529411764705882
7470000,1.4269353,0.15217391304347827,215.7608695652174,0.12625904,0.15217391304347827
7480000,1.4269353,0.1702127659574468,212.06382978723406,0.12958114,0.1702127659574468
7490000,1.4269353,0.13333333333333333,219.73333333333332,0.122743964,0.13333333333333333
7500000,1.4269353,0.13333333333333333,220.93333333333334,0.12987743,0.13333333333333333
7510000,1.4269353,0.22448979591836735,201.51020408163265,0.1593699,0.22448979591836735
7520000,1.4269354,0.15217391304347827,216.43478260869566,0.12139326,0.15217391304347827
7530000,1.4269353,0.15217391304347827,215.41304347826087,0.1311376,0.15217391304347827
7540000,1.4269353,0.14893617021276595,216.17021276595744,0.12505306,0.14893617021276595
7550000,1.4269353,0.13333333333333333,220.0222222222222,0.122027904,0.13333333333333333
7560000,1.4269353,0.13333333333333333,220.2888888888889,0.12786096,0.13333333333333333
7570000,1.4269353,0.20408163265306123,204.83673469387756,0.13811052,0.20408163265306123
7580000,1.4269353,0.13333333333333333,220.82222222222222,0.12799346,0.13333333333333333
7590000,1.4267426,0.07142857142857142,233.92857142857142,0.11075765,0.07142857142857142
7600000,1.4267012,0.09090909090909091,229.25,0.10654926,0.09090909090909091
7610000,1.4267013,0.20833333333333334,204.16666666666666,0.14657024,0.20833333333333334
7620000,1.4267012,0.2549019607843137,195.07843137254903,0.1621668,0.2549019607843137
7630000,1.4267012,0.32142857142857145,178.57142857142858,0.18732598,0.32142857142857145
7640000,1.4267012,0.20833333333333334,205.27083333333334,0.1476732,0.20833333333333334
7650000,1.4267012,0.14893617021276595,216.06382978723406,0.12608822,0.14893617021276595
7660000,1.4267012,0.11363636363636363,223.8409090909091,0.114522435,0.11363636363636363
7670000,1.4267013,0.1702127659574468,211.5744680851064,0.13177413,0.1702127659574468
7680000,1.4267012,0.24,197.32,0.15817344,0.24
7690000,1.4267012,0.1875,208.35416666666666,0.14095078,0.1875
7700000,1.4267012,0.1875,208.41666666666666,0.13631882,0.1875
7710000,1.4267012,0.09090909090909091,229.1590909090909,0.103981085,0.09090909090909091
7720000,1.4267012,0.07142857142857142,233.88095238095238,0.10387221,0.07142857142857142
7730000,1.4267012,0.06976744186046512,234.06976744186048,0.10830429,0.06976744186046512
7740000,1.4267012,0.19148936170212766,207.51063829787233,0.14179428,0.19148936170212766
7750000,1.4267012,0.06818181818181818,233.79545454545453,0.102570154,0.06976744186046512
7760000,1.4267013,0.22448979591836735,200.22448979591837,0.1461061,0.22
7770000,1.4267012,0.04878048780487805,238.70731707317074,0.09515504,0.04878048780487805
7780000,1.4267012,0.1702127659574468,211.9787234042553,0.1263284,0.1702127659574468
7790000,1.4265851,0.1702127659574468,212.4468085106383,0.13403058,0.1702127659574468
7800000,1.4263121,0.22,201.4,0.14897065,0.22
7810000,1.4263121,0.1702127659574468,212.61702127659575,0.13538902,0.1702127659574468
7820000,1.4263121,0.13333333333333333,221.17777777777778,0.13624278,0.13333333333333333
7830000,1.4263121,0.20833333333333334,203.60416666666666,0.1408089,0.20833333333333334
7840000,1.4263121,0.047619047619047616,238.42857142857142,0.091538824,0.047619047619047616
7850000,1.4263122,0.1875,208.47916666666666,0.13678533,0.1875
7860000,1.4263121,0.20833333333333334,205.14583333333334,0.13726456,0.20833333333333334
7870000,1.4263121,0.1111111111111111,224.0222222222222,0.120943725,0.1111111111111111
7880000,1.4263122,0.2692307692307692,190.59615384615384,0.16003379,0.2692307692307692
7890000,1.4263121,0.22,200.82,0.15065923,0.22
7900000,1.4263121,0.13333333333333333,220.73333333333332,0.1251718,0.13333333333333333
7910000,1.4263121,0.11363636363636363,223.52272727272728,0.12144455,0.11363636363636363
7920000,1.4263122,0.1111111111111111,224.55555555555554,0.12101543,0.1111111111111111
7930000,1.4263121,0.19148936170212766,208.29787234042553,0.13302782,0.19148936170212766
7940000,1.4263121,0.23529411764705882,197.45098039215685,0.14885633,0.23529411764705882
7950000,1.4263121,0.20833333333333334,203.625,0.15285678,0.20833333333333334
7960000,1.4263121,0.13043478260869565,220.67391304347825,0.12544613,0.13043478260869565
7970000,1.4263121,0.17391304347826086,211.7173913043478,0.13684054,0.17391304347826086
7980000,1.4263122,0.13043478260869565,220.67391304347825,0.12098079,0.13043478260869565
7990000,1.4263121,0.2549019607843137,193.09803921568627,0.1570472,0.2549019607843137
8000000,1.4261233,0.06976744186046512,234.69767441860466,0.104540125,0.06976744186046512
8010000,1.4260801,0.2692307692307692,191.01923076923077,0.15220433,0.2692307692307692
8020000,1.4260801,0.1702127659574468,211.7659574468085,0.13158233,0.1702127659574468
8030000,1.42608,0.2549019607843137,192.7058823529412,0.16528115,0.2549019607843137
8040000,1.4260801,0.2830188679245283,187.20754716981133,0.17715211,0.2830188679245283
8050000,1.42608,0.15217391304347827,215.54347826086956,0.12237575,0.15217391304347827
8060000,1.4260801,0.1702127659574468,212.08510638297872,0.13103819,0.1702127659574468
8070000,1.4260801,0.23529411764705882,197.4313725490196,0.17597608,0.22
8080000,1.4260801,0.1875,208.14583333333334,0.15322223,0.20408163265306123
8090000,1.4260801,0.19148936170212766,207.5744680851064,0.14087851,0.19148936170212766
8100000,1.4260801,0.1875,208.10416666666666,0.14754808,0.1875
8110000,1.42608,0.20408163265306123,204.22448979591837,0.14228004,0.20408163265306123
8120000,1.4260801,0.15217391304347827,216.2608695652174,0.13341142,0.15217391304347827
8130000,1.42608,0.1875,208.0,0.15422283,0.1875
8140000,1.4260801,0.20833333333333334,204.9375,0.15145427,0.20833333333333334
8150000,1.4260801,0.25,193.92307692307693,0.15775178,0.25
8160000,1.4260801,0.24,197.3,0.16545317,0.24
8170000,1.4260801,0.15217391304347827,216.06521739130434,0.1349823,0.15217391304347827
8180000,1.4260801,0.1702127659574468,211.74468085106383,0.13327038,0.1702127659574468
8190000,1.42608,0.23529411764705882,198.01960784313727,0.14664036,0.23529411764705882
8200000,1.426059,0.20833333333333334,204.54166666666666,0.15636383,0.20833333333333334
8210000,1.4259913,0.2830188679245283,188.79245283018867,0.16692759,0.2830188679245283
8220000,1.4259913,0.15217391304347827,216.56521739130434,0.1425745,0.15217391304347827
8230000,1.4259913,0.1875,207.70833333333334,0.14230095,0.1875
8240000,1.4259913,0.2692307692307692,190.26923076923077,0.1638593,0.2692307692307692
8250000,1.4259914,0.20408163265306123,203.3877551020408,0.1351869,0.20408163265306123
8260000,1.4259913,0.2549019607843137,193.33333333333334,0.16338904,0.2549019607843137
8270000,1.4259913,0.3333333333333333,176.94736842105263,0.20210198,0.3333333333333333
8280000,1.4259913,0.1702127659574468,212.89361702127658,0.14460383,0.1702127659574468
8290000,1.4259913,0.13333333333333333,219.35555555555555,0.11586496,0.13333333333333333
8300000,1.4259913,0.2549019607843137,194.45098039215685,0.16359529,0.2549019607843137
8310000,1.4259913,0.22,201.16,0.15456349,0.22
8320000,1.4259913,0.13333333333333333,219.84444444444443,0.11841661,0.13333333333333333
8330000,1.4259913,0.1702127659574468,211.17021276595744,0.12937744,0.1702127659574468
8340000,1.4259913,0.2830188679245283,188.0188679245283,0.18093614,0.2830188679245283
8350000,1.4259913,0.3090909090909091,182.0,0.17546386,0.3090909090909091
8360000,1.4259913,0.22448979591836735,200.0408163265306,0.1567117,0.22448979591836735
8370000,1.4259913,0.1875,207.75,0.14476293,0.1875
8380000,1.4259913,0.1702127659574468,211.7872340425532,0.12862684,0.1702127659574468
8390000,1.4259913,0.1875,208.5625,0.13839604,0.1875
8400000,1.4259913,0.3018867924528302,186.16981132075472,0.1723721,0.3018867924528302
8410000,1.4259895,0.23529411764705882,197.5686274509804,0.17457855,0.23529411764705882
8420000,1.425989,0.24,197.92,0.17254011,0.24
8430000,1.425989,0.1702127659574468,212.10638297872342,0.15028784,0.1702127659574468
8440000,1.425989,0.2692307692307692,191.1153846153846,0.19000581,0.2692307692307692
8450000,1.425989,0.2830188679245283,187.50943396226415,0.19111228,0.2830188679245283
8460000,1.425989,0.2830188679245283,188.0943396226415,0.18521117,0.2830188679245283
8470000,1.425989,0.1875,207.52083333333334,0.13998394,0.1875
8480000,1.425989,0.22,200.6,0.15996824,0.22
8490000,1.4259892,0.20833333333333334,202.83333333333334,0.14223748,0.20833333333333334
8500000,1.425989,0.25,195.03846153846155,0.17676511,0.25
8510000,1.425989,0.20833333333333334,204.08333333333334,0.16145848,0.20833333333333334
8520000,1.425989,0.23529411764705882,198.47058823529412,0.1630031,0.23529411764705882
8530000,1.425989,0.13333333333333333,220.3111111111111,0.1444579,0.13333333333333333
8540000,1.425989,0.22448979591836735,200.22448979591837,0.1609965,0.22448979591836735
8550000,1.425989,0.1875,208.16666666666666,0.15485209,0.1875
8560000,1.425989,0.1875,208.14583333333334,0.14055681,0.1875
8570000,1.425989,0.22448979591836735,200.91836734693877,0.16890728,0.22448979591836735
8580000,1.425989,0.2692307692307692,191.51923076923077,0.17867327,0.2692307692307692
8590000,1.425989,0.2549019607843137,194.84313725490196,0.17051868,0.2549019607843137
8600000,1.425989,0.23529411764705882,198.66666666666666,0.17746383,0.23529411764705882
8610000,1.4259984,0.20833333333333334,203.79166666666666,0.16485105,0.20833333333333334
8620000,1.426017,0.15217391304347827,216.34782608695653,0.13337445,0.15217391304347827
8630000,1.426017,0.22,200.46,0.15232682,0.22
8640000,1.4260169,0.3090909090909091,182.01818181818183,0.21005769,0.3090909090909091
8650000,1.426017,0.1875,207.64583333333334,0.1433184,0.1875
8660000,1.426017,0.20833333333333334,203.9375,0.15775548,0.20833333333333334
8670000,1.426017,0.23529411764705882,197.9607843137255,0.17548046,0.23529411764705882
8680000,1.426017,0.3090909090909091,181.5090909090909,0.198491,0.3090909090909091
8690000,1.426017,0.19148936170212766,207.85106382978722,0.14938255,0.19148936170212766
8700000,1.426017,0.22,201.44,0.16637596,0.22
8710000,1.426017,0.1875,208.3125,0.15293212,0.1875
8720000,1.426017,0.22448979591836735,200.3265306122449,0.16226229,0.22448979591836735
8730000,1.426017,0.20408163265306123,204.0204081632653,0.16140765,0.20408163265306123
8740000,1.426017,0.2962962962962963,185.24074074074073,0.206182,0.2962962962962963
8750000,1.426017,0.2830188679245283,186.0,0.1788839,0.2830188679245283
8760000,1.4260169,0.2962962962962963,183.88888888888889,0.19205324,0.2962962962962963
8770000,1.426017,0.1702127659574468,212.27659574468086,0.14590909,0.1702127659574468
8780000,1.4260169,0.23529411764705882,196.94117647058823,0.16419952,0.23529411764705882
8790000,1.426017,0.11363636363636363,224.86363636363637,0.1134352,0.11363636363636363
8800000,1.426017,0.2692307692307692,191.5,0.19429332,0.2692307692307692
8810000,1.426017,0.2692307692307692,190.6346153846154,0.17928913,0.2692307692307692
8820000,1.4260017,0.13333333333333333,219.46666666666667,0.12759086,0.13333333333333333
8830000,1.425998,0.09090909090909091,229.0681818181818,0.11415932,0.09090909090909091
8840000,1.4259981,0.24,197.7,0.1781311,0.24
8850000,1.4259981,0.20408163265306123,204.6122448979592,0.16209283,0.20408163265306123
8860000,1.4259981,0.2962962962962963,184.27777777777777,0.19295084,0.2962962962962963
8870000,1.4259981,0.15217391304347827,216.34782608695653,0.15403093,0.15217391304347827
8880000,1.4259981,0.32142857142857145,178.35714285714286,0.1979634,0.32142857142857145
8890000,1.4259981,0.24,197.3,0.17936794,0.24
8900000,1.4259981,0.1875,208.41666666666666,0.1476201,0.1875
8910000,1.425998,0.20833333333333334,204.58333333333334,0.16273353,0.20833333333333334
8920000,1.4259981,0.3090909090909091,182.4,0.2032135,0.3090909090909091
8930000,1.4259981,0.1702127659574468,211.36170212765958,0.15701318,0.1702127659574468
8940000,1.4259981,0.20408163265306123,204.69387755102042,0.16056126,0.20408163265306123
8950000,1.4259981,0.20833333333333334,203.97916666666666,0.16290264,0.20833333333333334
8960000,1.425998,0.15217391304347827,216.04347826086956,0.13894437,0.15217391304347827
8970000,1.4259981,0.3333333333333333,175.28070175438597,0.2065451,0.3333333333333333
8980000,1.425998,0.3728813559322034,169.27118644067798,0.23683392,0.3728813559322034
8990000,1.4259981,0.2830188679245283,188.03773584905662,0.21354504,0.2830188679245283
9000000,1.4259981,0.2549019607843137,193.2549019607843,0.1792004,0.2549019607843137
9010000,1.4259981,0.1875,208.20833333333334,0.14143409,0.1875
9020000,1.4259067,0.2830188679245283,189.0188679245283,0.20094012,0.2830188679245283
9030000,1.4256953,0.22448979591836735,200.87755102040816,0.16392784,0.20408163265306123
9040000,1.4256953,0.20408163265306123,204.0204081632653,0.17106518,0.22448979591836735
9050000,1.4256953,0.13043478260869565,220.02173913043478,0.1314409,0.13043478260869565
9060000,1.4256953,0.22448979591836735,199.83673469387756,0.16620503,0.22448979591836735
9070000,1.4256953,0.2830188679245283,188.1320754716981,0.19366606,0.2830188679245283
9080000,1.4256953,0.20408163265306123,204.53061224489795,0.15623577,0.20408163265306123
9090000,1.4256953,0.13333333333333333,220.86666666666667,0.14025652,0.13333333333333333
9100000,1.4256953,0.2549019607843137,192.84313725490196,0.1756837,0.2549019607843137
9110000,1.4256953,0.13333333333333333,220.33333333333334,0.12757702,0.13333333333333333
9120000,1.4256953,0.2830188679245283,187.58490566037736,0.20064144,0.2830188679245283
9130000,1.4256953,0.2641509433962264,190.9245283018868,0.1835966,0.2641509433962264
9140000,1.4256953,0.15217391304347827,214.7173913043478,0.13903555,0.15217391304347827
9150000,1.4256953,0.1875,208.77083333333334,0.16727448,0.1875
9160000,1.4256952,0.2692307692307692,190.3846153846154,0.20019318,0.2692307692307692
9170000,1.4256953,0.20408163265306123,204.71428571428572,0.15559392,0.20408163265306123
9180000,1.4256953,0.3018867924528302,184.73584905660377,0.19975781,0.3018867924528302
9190000,1.4256952,0.1702127659574468,211.7659574468085,0.14639288,0.1702127659574468
9200000,1.4256953,0.25,194.53846153846155,0.17989872,0.25
9210000,1.4256953,0.2962962962962963,183.25925925925927,0.19313481,0.2962962962962963
9220000,1.4256953,0.2692307692307692,190.34615384615384,0.20050265,0.2692307692307692
9230000,1.4253918,0.20408163265306123,204.6122448979592,0.16687654,0.20408163265306123
9240000,1.4253317,0.3090909090909091,180.6727272727273,0.19931307,0.3090909090909091
9250000,1.4253317,0.2549019607843137,191.88235294117646,0.16801886,0.23529411764705882
9260000,1.4253318,0.20408163265306123,204.81632653061226,0.17338863,0.22448979591836735
9270000,1.4253317,0.32727272727272727,179.3090909090909,0.20410171,0.32727272727272727
9280000,1.4253317,0.2962962962962963,183.94444444444446,0.19897906,0.2962962962962963
9290000,1.4253317,0.22,200.36,0.15632026,0.22
9300000,1.4253318,0.2641509433962264,190.9433962264151,0.18621412,0.2641509433962264
9310000,1.4253317,0.20833333333333334,203.97916666666666,0.17375326,0.20833333333333334
9320000,1.4253317,0.2692307692307692,189.92307692307693,0.1834436,0.2692307692307692
9330000,1.4253317,0.3090909090909091,182.29090909090908,0.2074094,0.3090909090909091
9340000,1.4253317,0.20408163265306123,203.3469387755102,0.16623433,0.20408163265306123
9350000,1.4253317,0.2830188679245283,187.24528301886792,0.21531762,0.2830188679245283
9360000,1.4253317,0.3090909090909091,182.85454545454544,0.21222827,0.3090909090909091
9370000,1.4253317,0.2962962962962963,183.55555555555554,0.20411587,0.2962962962962963
9380000,1.4253317,0.15217391304347827,215.8913043478261,0.14097121,0.15217391304347827
9390000,1.4253317,0.2830188679245283,187.11320754716982,0.2031676,0.2830188679245283
9400000,1.4253317,0.1875,207.02083333333334,0.14626329,0.1875
9410000,1.4253317,0.2830188679245283,187.1509433962264,0.20842524,0.2830188679245283
9420000,1.4253318,0.25,193.6346153846154,0.17905961,0.25
9430000,1.4252591,0.2962962962962963,184.61111111111111,0.21118057,0.2962962962962963
9440000,1.4251257,0.2549019607843137,193.2156862745098,0.1917057,0.2549019607843137
9450000,1.4251257,0.2692307692307692,189.73076923076923,0.18715142,0.2549019607843137
9460000,1.4251257,0.2962962962962963,184.05555555555554,0.21897133,0.2909090909090909
9470000,1.4251257,0.25,195.26923076923077,0.20842354,0.2692307692307692
9480000,1.4251257,0.2962962962962963,184.38888888888889,0.22494406,0.2962962962962963
9490000,1.4251257,0.2692307692307692,190.32692307692307,0.18896072,0.2692307692307692
9500000,1.4251257,0.2962962962962963,184.40740740740742,0.2124096,0.2962962962962963
9510000,1.4251257,0.24,197.62,0.18364355,0.24
9520000,1.4251257,0.20408163265306123,205.10204081632654,0.17929348,0.20408163265306123
9530000,1.4251257,0.3090909090909091,180.74545454545455,0.20933595,0.3090909090909091
9540000,1.4251257,0.2549019607843137,193.58823529411765,0.19301163,0.2549019607843137
9550000,1.4251257,0.2830188679245283,186.79245283018867,0.18862881,0.2830188679245283
9560000,1.4251257,0.22,201.02,0.17936991,0.22
9570000,1.4251257,0.2549019607843137,193.07843137254903,0.19642425,0.2549019607843137
9580000,1.4251257,0.1875,207.47916666666666,0.16178437,0.1875
9590000,1.4251257,0.32142857142857145,178.91071428571428,0.22451791,0.32142857142857145
9600000,1.4251257,0.19148936170212766,208.06382978723406,0.16991204,0.19148936170212766
9610000,1.4251257,0.2830188679245283,187.49056603773585,0.18500295,0.2830188679245283
9620000,1.4251257,0.2692307692307692,191.51923076923077,0.19310491,0.2692307692307692
9630000,1.4251257,0.2962962962962963,186.94444444444446,0.22430362,0.2962962962962963
9640000,1.4247861,0.22448979591836735,199.81632653061226,0.18004024,0.22448979591836735
9650000,1.4246933,0.3559322033898305,170.98305084745763,0.2511174,0.3559322033898305
9660000,1.4246933,0.1875,208.14583333333334,0.16621876,0.1875
9670000,1.4246933,0.1875,207.27083333333334,0.14685191,0.1875
9680000,1.4246932,0.15217391304347827,214.7826086956522,0.13949645,0.15217391304347827
9690000,1.4246933,0.2549019607843137,193.3921568627451,0.19621469,0.2549019607843137
9700000,1.4246933,0.2777777777777778,188.03703703703704,0.19563246,0.2777777777777778
9710000,1.4246933,0.3090909090909091,179.4909090909091,0.20388699,0.3090909090909091
9720000,1.4246933,0.2692307692307692,189.3653846153846,0.19750883,0.2692307692307692
9730000,1.4246932,0.3090909090909091,181.8,0.24581811,0.3090909090909091
9740000,1.4246933,0.3728813559322034,167.45762711864407,0.26196983,0.3728813559322034
9750000,1.4246933,0.15217391304347827,215.7826086956522,0.15382521,0.15217391304347827
9760000,1.4246933,0.23529411764705882,197.5686274509804,0.19113165,0.23529411764705882
9770000,1.4246932,0.3090909090909091,182.5818181818182,0.21887918,0.3090909090909091
9780000,1.4246933,0.24,196.82,0.18030067,0.24
9790000,1.4246932,0.3333333333333333,175.8421052631579,0.22312912,0.3333333333333333
9800000,1.4246932,0.22448979591836735,198.87755102040816,0.16470477,0.20408163265306123
9810000,1.4246933,0.3090909090909091,180.6727272727273,0.2320262,0.32727272727272727
9820000,1.4246933,0.20408163265306123,204.12244897959184,0.17540862,0.20408163265306123
9830000,1.4246933,0.2962962962962963,185.2037037037037,0.22883958,0.2962962962962963
9840000,1.4244404,0.3728813559322034,167.79661016949152,0.24079761,0.3728813559322034
9850000,1.42391,0.3090909090909091,181.12727272727273,0.22713396,0.3090909090909091
9860000,1.42391,0.3728813559322034,168.3050847457627,0.260085,0.3728813559322034
9870000,1.42391,0.20408163265306123,204.59183673469389,0.19054185,0.20408163265306123
9880000,1.4239099,0.2830188679245283,187.88679245283018,0.22825819,0.2830188679245283
9890000,1.42391,0.20408163265306123,203.16326530612244,0.15971248,0.20408163265306123
9900000,1.4239101,0.2549019607843137,193.2549019607843,0.20778121,0.2549019607843137
9910000,1.42391,0.20408163265306123,203.73469387755102,0.17917137,0.20408163265306123
9920000,1.42391,0.3728813559322034,167.74576271186442,0.26760867,0.3728813559322034
9930000,1.42391,0.3333333333333333,174.87719298245614,0.22841084,0.3333333333333333
9940000,1.42391,0.22,201.3,0.17277955,0.22
9950000,1.42391,0.2692307692307692,189.26923076923077,0.20439759,0.2692307692307692
9960000,1.42391,0.3090909090909091,180.94545454545454,0.22149065,0.3090909090909091
9970000,1.42391,0.22,200.72,0.17591178,0.22
9980000,1.42391,0.2549019607843137,193.13725490196077,0.2111777,0.2549019607843137
9990000,1.42391,0.3090909090909091,181.1818181818182,0.2323178,0.3090909090909091
10000000,1.42391,0.1875,207.58333333333334,0.1770492,0.1875
10010000,1.42391,0.24,196.74,0.19599828,0.24
10020000,1.42391,0.25,194.0,0.20050213,0.25
10030000,1.42391,0.3508771929824561,172.01754385964912,0.23058029,0.3508771929824561
10040000,1.42391,0.2962962962962963,184.03703703703704,0.21732466,0.2962962962962963
10050000,1.4236099,0.3090909090909091,182.6,0.2508243,0.3090909090909091
10060000,1.4235586,0.3333333333333333,175.3859649122807,0.2341746,0.3333333333333333
10070000,1.4235586,0.3333333333333333,175.94736842105263,0.23932397,0.3333333333333333
10080000,1.4235586,0.2549019607843137,193.58823529411765,0.21624456,0.2549019607843137
10090000,1.4235586,0.3090909090909091,179.98181818181817,0.23407863,0.3090909090909091
10100000,1.4235587,0.1702127659574468,211.3404255319149,0.16708443,0.1702127659574468
10110000,1.4235586,0.2692307692307692,189.57692307692307,0.21523358,0.2692307692307692
10120000,1.4235586,0.22,200.02,0.17089556,0.22
10130000,1.4235586,0.3333333333333333,174.66666666666666,0.23050696,0.3333333333333333
10140000,1.4235586,0.2692307692307692,190.17307692307693,0.20691244,0.25
10150000,1.4235586,0.32142857142857145,177.60714285714286,0.24335112,0.32142857142857145
10160000,1.4235585,0.2962962962962963,184.12962962962962,0.22181183,0.2962962962962963
10170000,1.4235586,0.3333333333333333,176.2280701754386,0.24297523,0.3508771929824561
10180000,1.4235586,0.3090909090909091,181.21818181818182,0.20950224,0.3090909090909091
10190000,1.4235586,0.2962962962962963,185.3148148148148,0.23033565,0.2962962962962963
10200000,1.4235586,0.3090909090909091,180.1090909090909,0.21712768,0.3090909090909091
10210000,1.4235586,0.20408163265306123,203.3469387755102,0.1710946,0.20408163265306123
10220000,1.4235586,0.2830188679245283,186.8679245283019,0.22896221,0.2830188679245283
10230000,1.4235586,0.3333333333333333,175.50877192982455,0.24358137,0.3333333333333333
10240000,1.4235586,0.1702127659574468,211.29787234042553,0.16162047,0.1702127659574468
10250000,1.4235178,0.3090909090909091,180.8,0.24267493,0.3090909090909091
10260000,1.4234434,0.2549019607843137,192.98039215686273,0.21012323,0.2549019607843137
10270000,1.4234434,0.2777777777777778,187.46296296296296,0.21018465,0.2777777777777778
10280000,1.4234434,0.2549019607843137,193.1764705882353,0.21224424,0.2549019607843137
10290000,1.4234434,0.3333333333333333,175.12280701754386,0.24392188,0.3333333333333333
10300000,1.4234434,0.20833333333333334,203.8125,0.1795274,0.20833333333333334
10310000,1.4234434,0.3090909090909091,182.25454545454545,0.246839,0.3090909090909091
10320000,1.4234434,0.4126984126984127,158.85714285714286,0.2979252,0.4126984126984127
10330000,1.4234434,0.32142857142857145,177.33928571428572,0.23841105,0.32142857142857145
10340000,1.4234434,0.3559322033898305,170.1864406779661,0.25233316,0.3559322033898305
10350000,1.4234434,0.24,196.5,0.20881215,0.24
10360000,1.4234436,0.4126984126984127,157.55555555555554,0.2903146,0.4126984126984127
10370000,1.4234434,0.47058823529411764,145.3235294117647,0.30166632,0.47058823529411764
10380000,1.4234434,0.3508771929824561,173.5438596491228,0.2753154,0.3508771929824561
10390000,1.4234434,0.2777777777777778,187.94444444444446,0.24364093,0.2777777777777778
10400000,1.4234434,0.3728813559322034,167.5084745762712,0.2759764,0.3728813559322034
10410000,1.4234434,0.24,197.08,0.211343,0.24
10420000,1.4234434,0.20408163265306123,205.0,0.19663925,0.20408163265306123
10430000,1.4234434,0.3090909090909091,178.96363636363637,0.22185287,0.3090909090909091
10440000,1.4234434,0.2777777777777778,186.64814814814815,0.23002651,0.2777777777777778
10450000,1.4234434,0.3508771929824561,173.31578947368422,0.26285407,0.3508771929824561
10460000,1.4234006,0.22,200.32,0.18892951,0.22
10470000,1.4233971,0.2962962962962963,182.59259259259258,0.21910031,0.2962962962962963
10480000,1.423397,0.2962962962962963,183.05555555555554,0.25378463,0.2962962962962963
10490000,1.4233971,0.25,193.90384615384616,0.22749864,0.25
10500000,1.4233971,0.39344262295081966,163.75409836065575,0.2842,0.39344262295081966
10510000,1.4233971,0.2962962962962963,182.24074074074073,0.21290915,0.2962962962962963
10520000,1.4233971,0.3090909090909091,180.16363636363636,0.23781234,0.3090909090909091
10530000,1.4233971,0.3870967741935484,162.96774193548387,0.27929136,0.3870967741935484
10540000,1.4233971,0.3728813559322034,167.38983050847457,0.3037738,0.3728813559322034
10550000,1.4233971,0.4375,153.421875,0.34668896,0.4375
10560000,1.4233971,0.2777777777777778,187.05555555555554,0.23717338,0.2777777777777778
10570000,1.4233971,0.3392857142857143,173.76785714285714,0.2675847,0.3392857142857143
10580000,1.4233971,0.2909090909090909,185.12727272727273,0.2309796,0.2909090909090909
10590000,1.4233971,0.22448979591836735,199.14285714285714,0.19579053,0.22448979591836735
10600000,1.4233971,0.2641509433962264,190.11320754716982,0.20922019,0.2641509433962264
10610000,1.4233971,0.1875,208.27083333333334,0.1842575,0.1875
10620000,1.4233971,0.2830188679245283,186.0,0.22010697,0.2830188679245283
10630000,1.4233971,0.2692307692307692,189.21153846153845,0.22741559,0.2692307692307692
10640000,1.4233971,0.2641509433962264,191.43396226415095,0.23377895,0.2641509433962264
10650000,1.4233971,0.28846153846153844,187.09615384615384,0.24037734,0.28846153846153844
10660000,1.4232858,0.4032258064516129,161.0,0.31175536,0.4032258064516129
10670000,1.4230574,0.3870967741935484,160.16129032258064,0.24651049,0.3870967741935484
10680000,1.4230576,0.2692307692307692,190.75,0.24541926,0.2692307692307692
10690000,1.4230574,0.32142857142857145,177.73214285714286,0.24476211,0.32142857142857145
10700000,1.4230574,0.3448275862068966,172.39655172413794,0.25294715,0.3448275862068966
10710000,1.4230574,0.3333333333333333,175.17543859649123,0.25048497,0.3333333333333333
10720000,1.4230574,0.2962962962962963,183.94444444444446,0.25077003,0.2962962962962963
10730000,1.4230574,0.3559322033898305,169.91525423728814,0.2449,0.3559322033898305
10740000,1.4230574,0.24,195.74,0.21226215,0.24
10750000,1.4230574,0.3157894736842105,177.94736842105263,0.23956695,0.3157894736842105
10760000,1.4230574,0.3728813559322034,166.72881355932202,0.28908184,0.3728813559322034
10770000,1.4230574,0.2830188679245283,185.50943396226415,0.22534363,0.2830188679245283
10780000,1.4230574,0.4307692307692308,155.23076923076923,0.33771873,0.4307692307692308
10790000,1.4230574,0.4126984126984127,158.8095238095238,0.329666,0.4126984126984127
10800000,1.4230574,0.32142857142857145,177.48214285714286,0.2580306,0.32142857142857145
10810000,1.4230574,0.39344262295081966,162.19672131147541,0.29785177,0.39344262295081966
10820000,1.4230574,0.22448979591836735,200.18367346938774,0.2070858,0.22448979591836735
10830000,1.4230574,0.3090909090909091,180.72727272727272,0.24416235,0.3090909090909091
10840000,1.4230574,0.3448275862068966,172.20689655172413,0.2599489,0.3448275862068966
10850000,1.4230574,0.2692307692307692,190.67307692307693,0.22302666,0.2692307692307692
10860000,1.4230574,0.23529411764705882,197.72549019607843,0.22127277,0.23529411764705882
10870000,1.4227972,0.2692307692307692,189.59615384615384,0.2224598,0.2692307692307692
10880000,1.4227773,0.3770491803278688,165.0327868852459,0.2726904,0.3770491803278688
10890000,1.4227773,0.32142857142857145,177.76785714285714,0.24688448,0.32142857142857145
10900000,1.4227773,0.4032258064516129,159.16129032258064,0.29677114,0.4032258064516129
10910000,1.4227773,0.3392857142857143,174.92857142857142,0.27147618,0.3392857142857143
10920000,1.4227773,0.3559322033898305,169.20338983050848,0.26508906,0.3559322033898305
10930000,1.4227773,0.25,193.55769230769232,0.21838978,0.25
10940000,1.4227773,0.3728813559322034,165.84745762711864,0.28372025,0.3728813559322034
10950000,1.4227773,0.4126984126984127,157.53968253968253,0.29188934,0.4126984126984127
10960000,1.4227773,0.32142857142857145,179.16071428571428,0.272654,0.32142857142857145
10970000,1.4227774,0.25,193.23076923076923,0.21326028,0.25
10980000,1.4227773,0.2962962962962963,184.09259259259258,0.2676862,0.2962962962962963
10990000,1.4227773,0.2830188679245283,187.75471698113208,0.25711578,0.2830188679245283
11000000,1.4227773,0.3728813559322034,166.4406779661017,0.29286075,0.3728813559322034
11010000,1.4227773,0.3770491803278688,165.60655737704917,0.2982024,0.3770491803278688
11020000,1.4227774,0.4032258064516129,159.69354838709677,0.30358872,0.4032258064516129
11030000,1.4227773,0.32142857142857145,178.28571428571428,0.2710883,0.32142857142857145
11040000,1.4227774,0.32727272727272727,176.8909090909091,0.27209494,0.32727272727272727
11050000,1.4227773,0.3559322033898305,170.64406779661016,0.27838472,0.3559322033898305
11060000,1.4227773,0.3728813559322034,167.135593220339,0.31387708,0.3728813559322034
11070000,1.4226909,0.3870967741935484,163.1290322580645,0.28997332,0.3870967741935484
11080000,1.4225222,0.4126984126984127,157.68253968253967,0.3254296,0.4126984126984127
11090000,1.4225223,0.38333333333333336,163.56666666666666,0.29798514,0.38333333333333336
11100000,1.4225222,0.2830188679245283,187.18867924528303,0.2660831,0.2830188679245283
11110000,1.4225222,0.4032258064516129,159.4516129032258,0.3067041,0.4032258064516129
11120000,1.4225223,0.3333333333333333,176.35087719298247,0.2628458,0.3333333333333333
11130000,1.4225222,0.3728813559322034,167.135593220339,0.29659656,0.3728813559322034
11140000,1.4225222,0.32142857142857145,177.64285714285714,0.2621366,0.32142857142857145
11150000,1.4225222,0.4126984126984127,156.82539682539684,0.29373664,0.3968253968253968
11160000,1.4225222,0.3559322033898305,170.08474576271186,0.2886745,0.3728813559322034
11170000,1.4225222,0.2692307692307692,189.5,0.24829422,0.2692307692307692
11180000,1.4225223,0.32142857142857145,177.42857142857142,0.28190228,0.32142857142857145
11190000,1.4225222,0.44776119402985076,148.62686567164178,0.331832,0.44776119402985076
11200000,1.4225223,0.3157894736842105,178.64912280701753,0.24047075,0.30357142857142855
11210000,1.4225222,0.45454545454545453,147.06060606060606,0.32640278,0.4626865671641791
11220000,1.4225222,0.4126984126984127,158.65079365079364,0.34977186,0.4126984126984127
11230000,1.4225222,0.39344262295081966,162.75409836065575,0.31138793,0.39344262295081966
11240000,1.4225222,0.32142857142857145,178.85714285714286,0.27861208,0.32142857142857145
11250000,1.4225222,0.3620689655172414,170.13793103448276,0.30379364,0.3620689655172414
11260000,1.4225222,0.3620689655172414,170.27586206896552,0.30857238,0.3620689655172414
11270000,1.4225223,0.40625,158.640625,0.31468052,0.40625
11280000,1.4222494,0.5138888888888888,134.81944444444446,0.383443,0.5138888888888888
11290000,1.4222323,0.25,194.44230769230768,0.23566316,0.25
11300000,1.4222323,0.4375,153.34375,0.3685606,0.4375
11310000,1.4222323,0.36666666666666664,167.93333333333334,0.31534144,0.36666666666666664
11320000,1.4222323,0.32142857142857145,178.16071428571428,0.27901736,0.32142857142857145
11330000,1.4222323,0.1875,206.85416666666666,0.19343875,0.1875
11340000,1.4222323,0.3508771929824561,171.78947368421052,0.29680967,0.3508771929824561
11350000,1.4222323,0.36666666666666664,168.51666666666668,0.321885,0.36666666666666664
11360000,1.4222324,0.32142857142857145,177.375,0.26229092,0.32142857142857145
11370000,1.4222324,0.45454545454545453,147.87878787878788,0.35860077,0.45454545454545453
11380000,1.4222324,0.3770491803278688,164.86885245901638,0.30273473,0.3770491803278688
11390000,1.4222323,0.3728813559322034,166.98305084745763,0.30804074,0.3728813559322034
11400000,1.4222323,0.45588235294117646,147.4264705882353,0.3475576,0.44776119402985076
11410000,1.4222323,0.3333333333333333,175.71929824561403,0.3154702,0.3448275862068966
11420000,1.4222323,0.3392857142857143,174.76785714285714,0.28263915,0.3392857142857143
11430000,1.4222323,0.3448275862068966,174.0,0.30472934,0.3448275862068966
11440000,1.4222323,0.3508771929824561,171.6315789473684,0.31110165,0.3508771929824561
11450000,1.4222324,0.3559322033898305,169.84745762711864,0.2934368,0.3559322033898305
11460000,1.4222323,0.2830188679245283,186.83018867924528,0.2597824,0.2830188679245283
11470000,1.4222323,0.421875,154.25,0.33509174,0.421875
11480000,1.4221269,0.25,194.3653846153846,0.2657562,0.25
11490000,1.4219495,0.3448275862068966,172.10344827586206,0.29365426,0.3448275862068966
11500000,1.4219495,0.24,194.76,0.2315641,0.24
11510000,1.4219495,0.421875,154.96875,0.33731803,0.40625
11520000,1.4219495,0.3448275862068966,172.77586206896552,0.32693362,0.3620689655172414
11530000,1.4219494,0.3448275862068966,173.10344827586206,0.31057143,0.3448275862068966
11540000,1.4219495,0.3620689655172414,169.94827586206895,0.33442938,0.3620689655172414
11550000,1.4219495,0.4126984126984127,157.52380952380952,0.35108793,0.4126984126984127
11560000,1.4219495,0.3090909090909091,180.0,0.2731957,0.3090909090909091
11570000,1.4219495,0.3770491803278688,165.9672131147541,0.3278975,0.3770491803278688
11580000,1.4219495,0.3508771929824561,171.4561403508772,0.3014867,0.3508771929824561
11590000,1.4219495,0.45588235294117646,146.89705882352942,0.37316915,0.45588235294117646
11600000,1.4219495,0.3448275862068966,172.94827586206895,0.31335583,0.3448275862068966
11610000,1.4219495,0.39344262295081966,160.9344262295082,0.32921973,0.39344262295081966
11620000,1.4219495,0.32142857142857145,176.96428571428572,0.2771995,0.32142857142857145
11630000,1.4219495,0.4307692307692308,152.26153846153846,0.34982157,0.4307692307692308
11640000,1.4219495,0.421875,156.109375,0.3756894,0.421875
11650000,1.4219495,0.3333333333333333,175.57894736842104,0.30813006,0.3333333333333333
11660000,1.4219496,0.421875,155.984375,0.37790364,0.421875
11670000,1.4219495,0.2830188679245283,186.8679245283019,0.27985552,0.2830188679245283
11680000,1.4219495,0.36666666666666664,167.53333333333333,0.30461076,0.36666666666666664
11690000,1.4215621,0.3148148148148148,180.33333333333334,0.30281293,0.3148148148148148
11700000,1.4215171,0.36666666666666664,167.26666666666668,0.31717843,0.36666666666666664
11710000,1.4215173,0.4032258064516129,159.09677419354838,0.36096007,0.4032258064516129
11720000,1.4215171,0.39344262295081966,162.63934426229508,0.3631788,0.39344262295081966
11730000,1.4215171,0.36666666666666664,167.26666666666668,0.30144972,0.36666666666666664
11740000,1.4215171,0.39344262295081966,161.672131147541,0.34880817,0.39344262295081966
11750000,1.4215171,0.4153846153846154,155.63076923076923,0.33080813,0.4153846153846154
11760000,1.4215173,0.32727272727272727,176.70909090909092,0.3073523,0.3090909090909091
11770000,1.4215171,0.2777777777777778,187.90740740740742,0.29587623,0.2962962962962963
11780000,1.4215171,0.3620689655172414,169.13793103448276,0.32665735,0.3620689655172414
11790000,1.4215171,0.3770491803278688,165.0,0.32271376,0.3770491803278688
11800000,1.4215171,0.4032258064516129,159.19354838709677,0.36099994,0.4032258064516129
11810000,1.4215171,0.2692307692307692,190.59615384615384,0.28174946,0.2692307692307692
11820000,1.4215171,0.49295774647887325,140.38028169014083,0.41364133,0.49295774647887325
11830000,1.4215173,0.45454545454545453,148.5151515151515,0.40254724,0.45454545454545453
11840000,1.4215173,0.45588235294117646,148.48529411764707,0.40255544,0.45588235294117646
11850000,1.4215171,0.4126984126984127,158.17460317460316,0.3520027,0.4126984126984127
11860000,1.4215171,0.2962962962962963,183.77777777777777,0.277058,0.2962962962962963
11870000,1.4215171,0.3728813559322034,165.91525423728814,0.33568388,0.3559322033898305
11880000,1.4215171,0.32142857142857145,178.69642857142858,0.33930078,0.3392857142857143
11890000,1.421336,0.32142857142857145,178.28571428571428,0.2994792,0.32142857142857145
11900000,1.4210808,0.32142857142857145,178.92857142857142,0.3170256,0.32142857142857145
11910000,1.4210808,0.32142857142857145,177.5,0.3061648,0.32142857142857145
11920000,1.4210807,0.3728813559322034,166.6271186440678,0.31338823,0.3728813559322034
11930000,1.4210807,0.44776119402985076,149.28358208955223,0.3734505,0.44776119402985076
11940000,1.4210808,0.39344262295081966,161.62295081967213,0.35616308,0.39344262295081966
11950000,1.4210808,0.2830188679245283,186.1509433962264,0.28071496,0.2830188679245283
11960000,1.4210808,0.30357142857142855,181.05357142857142,0.28703162,0.30357142857142855
11970000,1.4210808,0.3090909090909091,180.6,0.29915872,0.3090909090909091
11980000,1.4210808,0.40625,157.296875,0.36020538,0.4126984126984127
11990000,1.4210807,0.4098360655737705,158.11475409836066,0.35881653,0.3870967741935484
12000000,1.4210808,0.4393939393939394,151.77272727272728,0.4091461,0.45454545454545453
12010000,1.4210808,0.3770491803278688,164.88524590163934,0.34525427,0.3770491803278688
12020000,1.4210808,0.3148148148148148,181.09259259259258,0.3205394,0.3148148148148148
12030000,1.4210808,0.3870967741935484,163.32258064516128,0.3522735,0.3870967741935484
12040000,1.4210808,0.39344262295081966,161.0655737704918,0.34611744,0.38333333333333336
12050000,1.4210807,0.47058823529411764,144.72058823529412,0.42396703,0.4782608695652174
12060000,1.4210808,0.421875,155.25,0.37350556,0.421875
12070000,1.4210808,0.4032258064516129,159.7741935483871,0.3584436,0.4032258064516129
12080000,1.4210807,0.3559322033898305,171.0,0.34027094,0.3559322033898305
12090000,1.4210808,0.3448275862068966,172.67241379310346,0.32092115,0.3448275862068966
12100000,1.4206526,0.3508771929824561,171.42105263157896,0.33074903,0.3508771929824561
12110000,1.4206086,0.36666666666666664,167.56666666666666,0.34338933,0.36666666666666664
12120000,1.4206086,0.421875,155.1875,0.373666,0.421875
12130000,1.4206086,0.44776119402985076,149.3582089552239,0.38414693,0.44776119402985076
